2007-05-16,18.0,20.0,18.0,20.0,20.0,1100
2007-05-17,20.0,20.0,20.0,20.0,20.0,0
2007-05-18,18.4,19.200001,18.4,19.200001,19.200001,1300
2007-05-21,18.4,20.0,18.4,19.200001,19.200001,1400
2007-05-22,18.799999,19.200001,18.799999,19.200001,19.200001,400
2007-05-23,18.959999,18.959999,18.48,18.48,18.48,900
2007-05-24,18.559998999999998,19.200001,18.559998999999998,18.719998999999998,18.719998999999998,4000
2007-05-25,18.959999,19.200001,18.879998999999998,19.200001,19.200001,2300
2007-05-29,19.200001,19.200001,19.200001,19.200001,19.200001,100
2007-05-30,19.200001,19.200001,19.040001,19.200001,19.200001,2700
2007-05-31,18.879998999999998,19.200001,18.879998999999998,19.120001000000002,19.120001000000002,8200
2007-06-01,19.040001,19.360001,19.040001,19.360001,19.360001,800
2007-06-04,19.200001,19.200001,18.959999,19.200001,19.200001,1500
2007-06-05,19.200001,19.6,19.200001,19.6,19.6,200
2007-06-06,19.040001,19.040001,18.719998999999998,18.799999,18.799999,500
2007-06-07,19.200001,19.6,18.719998999999998,18.799999,18.799999,4400
2007-06-08,18.799999,18.799999,18.799999,18.799999,18.799999,0
2007-06-11,18.799999,18.799999,18.799999,18.799999,18.799999,0
2007-06-12,18.719998999999998,18.959999,18.4,18.959999,18.959999,3700
2007-06-13,19.200001,19.200001,19.200001,19.200001,19.200001,0
2007-06-14,18.4,18.4,18.4,18.4,18.4,300
2007-06-15,18.4,18.4,18.0,18.0,18.0,600
2007-06-18,19.200001,19.200001,18.0,18.4,18.4,1200
2007-06-19,18.4,18.4,18.4,18.4,18.4,100
2007-06-20,18.4,18.4,18.4,18.4,18.4,0
2007-06-21,18.16,18.4,17.6,17.6,17.6,1700
2007-06-22,17.6,18.0,16.799999,18.0,18.0,2700
2007-06-25,17.84,18.0,16.08,16.08,16.08,4900
2007-06-26,17.6,17.6,17.440001000000002,17.6,17.6,3100
2007-06-27,17.6,17.6,17.6,17.6,17.6,0
2007-06-28,17.6,17.6,17.6,17.6,17.6,400
2007-06-29,16.639999,19.200001,16.639999,18.4,18.4,2300
2007-07-02,16.639999,18.4,16.639999,18.4,18.4,1000
2007-07-03,18.4,18.4,18.4,18.4,18.4,0
2007-07-05,18.4,18.4,18.4,18.4,18.4,0
2007-07-06,18.4,18.4,18.4,18.4,18.4,0
2007-07-09,17.76,17.76,17.6,17.6,17.6,1800
2007-07-10,17.6,17.6,16.0,16.0,16.0,9300
2007-07-11,16.24,18.0,16.08,18.0,18.0,900
2007-07-12,17.200001,17.200001,16.799999,16.799999,16.799999,500
2007-07-13,18.0,18.0,15.6,16.24,16.24,1700
2007-07-16,16.4,18.0,16.0,17.6,17.6,3400
2007-07-17,16.48,16.559998999999998,16.48,16.559998999999998,16.559998999999998,600
2007-07-18,16.48,18.0,16.48,17.200001,17.200001,5800
2007-07-19,18.0,18.0,17.76,17.76,17.76,1900
2007-07-20,17.360001,20.0,17.360001,18.0,18.0,4300
2007-07-23,18.799999,19.200001,16.0,18.0,18.0,6400
2007-07-24,17.6,18.4,17.6,17.6,17.6,2500
2007-07-25,18.4,18.4,18.4,18.4,18.4,1000
2007-07-26,18.799999,18.799999,17.6,18.0,18.0,3100
2007-07-27,16.799999,18.0,16.719998999999998,18.0,18.0,600
2007-07-30,18.799999,18.799999,18.0,18.0,18.0,2300
2007-07-31,18.0,18.0,18.0,18.0,18.0,0
2007-08-01,18.559998999999998,19.200001,18.4,18.799999,18.799999,4200
2007-08-02,19.200001,19.6,18.799999,19.6,19.6,3200
2007-08-03,19.6,20.0,18.4,19.200001,19.200001,24900
2007-08-06,20.0,24.0,19.6,19.6,19.6,9400
2007-08-07,22.799999,22.799999,19.200001,19.200001,19.200001,3900
2007-08-08,20.4,20.4,19.280001000000002,19.440001000000002,19.440001000000002,1700
2007-08-09,19.6,19.6,19.200001,19.200001,19.200001,5600
2007-08-10,19.6,19.92,19.200001,19.200001,19.200001,5900
2007-08-13,19.92,19.92,19.200001,19.6,19.6,4600
2007-08-14,19.6,19.6,18.799999,18.799999,18.799999,2300
2007-08-15,18.799999,20.0,18.4,18.4,18.4,3300
2007-08-16,18.799999,18.799999,18.799999,18.799999,18.799999,900
2007-08-17,18.799999,18.799999,18.4,18.799999,18.799999,1000
2007-08-20,19.6,20.0,19.6,19.76,19.76,4800
2007-08-21,19.360001,19.360001,18.4,18.559998999999998,18.559998999999998,7000
2007-08-22,18.639999,19.200001,18.639999,19.200001,19.200001,800
2007-08-23,19.200001,19.200001,18.799999,19.120001000000002,19.120001000000002,9600
2007-08-24,19.200001,19.6,18.959999,19.6,19.6,6400
2007-08-27,19.440001000000002,19.84,19.440001000000002,19.6,19.6,1000
2007-08-28,19.200001,19.6,19.200001,19.6,19.6,800
2007-08-29,19.6,19.76,19.200001,19.52,19.52,2600
2007-08-30,19.6,20.0,19.6,20.0,20.0,900
2007-08-31,19.6,20.0,19.6,20.0,20.0,2800
2007-09-04,20.0,20.0,19.6,19.6,19.6,9300
2007-09-05,20.0,20.639999,19.68,20.0,20.0,9000
2007-09-06,20.0,20.24,20.0,20.0,20.0,5300
2007-09-07,20.0,22.4,20.0,21.68,21.68,28200
2007-09-10,22.0,22.0,21.6,22.0,22.0,1000
2007-09-11,22.0,22.879998999999998,22.0,22.879998999999998,22.879998999999998,2000
2007-09-12,23.120001000000002,23.76,23.120001000000002,23.76,23.76,2000
2007-09-13,23.84,24.0,22.4,22.4,22.4,5200
2007-09-14,22.799999,23.6,22.799999,23.200001,23.200001,2000
2007-09-17,23.6,23.76,22.879998999999998,23.200001,23.200001,2000
2007-09-18,23.200001,23.84,23.200001,23.440001000000002,23.440001000000002,2500
2007-09-19,23.6,23.6,22.4,23.6,23.6,11700
2007-09-20,23.6,24.4,23.200001,24.0,24.0,5800
2007-09-21,24.0,26.4,24.0,26.4,26.4,26200
2007-09-24,26.799999,27.6,26.0,27.6,27.6,6300
2007-09-25,28.0,29.280001000000002,27.200001,27.200001,27.200001,5200
2007-09-26,27.200001,27.68,27.200001,27.6,27.6,4900
2007-09-27,28.0,28.4,27.6,27.6,27.6,7900
2007-09-28,28.4,28.4,27.200001,27.200001,27.200001,5800
2007-10-01,28.4,30.0,28.32,29.6,29.6,32000
2007-10-02,29.6,32.0,29.6,31.6,31.6,29700
2007-10-03,32.240002000000004,32.400002,31.200001,32.0,32.0,15700
2007-10-04,32.400002,33.200001,31.92,32.799999,32.799999,13100
2007-10-05,33.200001,33.759997999999996,32.16,32.799999,32.799999,14100
2007-10-08,33.200001,34.560001,33.040001000000004,34.400002,34.400002,15600
2007-10-09,34.400002,34.720001,34.0,34.48,34.48,18700
2007-10-10,34.720001,36.799999,34.720001,35.200001,35.200001,24400
2007-10-11,35.919998,35.919998,33.599998,34.32,34.32,13800
2007-10-12,34.240002000000004,34.400002,33.200001,34.0,34.0,17500
2007-10-15,34.400002,34.400002,32.400002,32.400002,32.400002,10900
2007-10-16,33.119999,33.200001,32.48,32.799999,32.799999,5100
2007-10-17,32.799999,33.360001000000004,32.799999,33.360001000000004,33.360001000000004,5100
2007-10-18,33.52,33.52,33.200001,33.200001,33.200001,3300
2007-10-19,33.200001,34.0,33.200001,33.279999,33.279999,8600
2007-10-22,33.200001,33.439999,32.959998999999996,33.279999,33.279999,6500
2007-10-23,33.200001,33.279999,33.040001000000004,33.200001,33.200001,5300
2007-10-24,33.360001000000004,33.759997999999996,33.279999,33.599998,33.599998,5200
2007-10-25,34.0,36.0,33.599998,36.0,36.0,7400
2007-10-26,36.400002,37.200001,35.200001,35.200001,35.200001,11800
2007-10-29,36.0,38.0,36.0,37.52,37.52,19700
2007-10-30,37.84,37.84,36.400002,37.439999,37.439999,10700
2007-10-31,37.040001000000004,37.439999,36.880001,36.880001,36.880001,6800
2007-11-01,37.279999,37.439999,36.799999,37.200001,37.200001,8300
2007-11-02,37.200001,37.200001,36.400002,36.400002,36.400002,4500
2007-11-05,36.400002,36.400002,36.0,36.16,36.16,10700
2007-11-06,36.16,36.639998999999996,36.0,36.0,36.0,6400
2007-11-07,36.720001,39.599998,36.720001,38.48,38.48,31300
2007-11-08,38.400002,39.84,38.0,38.720001,38.720001,14100
2007-11-09,39.119999,39.119999,38.48,38.639998999999996,38.639998999999996,11800
2007-11-12,39.200001,39.200001,38.639998999999996,38.880001,38.880001,4800
2007-11-13,38.400002,38.959998999999996,37.68,38.240002000000004,38.240002000000004,5200
2007-11-14,38.240002000000004,38.799999,37.68,38.639998999999996,38.639998999999996,21200
2007-11-15,38.799999,40.48,38.799999,39.599998,39.599998,19600
2007-11-16,39.84,42.400002,39.84,42.0,42.0,14600
2007-11-19,43.200001,45.599998,41.200001,45.200001,45.200001,10200
2007-11-20,45.52,45.52,41.599998,42.400002,42.400002,7300
2007-11-21,42.0,42.560001,40.400002,42.400002,42.400002,5300
2007-11-23,41.200001,42.400002,41.200001,41.200001,41.200001,1400
2007-11-26,42.400002,42.400002,34.0,39.200001,39.200001,12700
2007-11-27,40.0,40.0,38.799999,39.599998,39.599998,4000
2007-11-28,40.0,40.799999,39.599998,39.759997999999996,39.759997999999996,5400
2007-11-29,42.400002,45.84,42.400002,45.200001,45.200001,24700
2007-11-30,43.200001,44.560001,42.799999,44.400002,44.400002,14400
2007-12-03,43.599998,44.400002,43.599998,44.0,44.0,3900
2007-12-04,43.599998,44.400002,43.599998,44.0,44.0,4600
2007-12-05,44.0,44.400002,43.599998,44.0,44.0,10800
2007-12-06,44.400002,49.52,44.400002,48.959998999999996,48.959998999999996,53700
2007-12-07,49.200001,49.200001,47.759997999999996,48.400002,48.400002,5500
2007-12-10,48.799999,49.200001,48.0,48.560001,48.560001,11200
2007-12-11,48.400002,49.040001000000004,43.200001,47.200001,47.200001,8400
2007-12-12,46.400002,47.200001,45.599998,47.200001,47.200001,5400
2007-12-13,46.400002,48.240002000000004,46.0,48.0,48.0,4200
2007-12-14,48.0,48.959998999999996,47.68,48.799999,48.799999,4300
2007-12-17,48.799999,49.52,48.799999,49.200001,49.200001,12900
2007-12-18,49.200001,49.52,48.080002,49.360001000000004,49.360001000000004,5100
2007-12-19,48.799999,50.400002,48.799999,49.599998,49.599998,7000
2007-12-20,50.080002,50.400002,49.279999,50.240002000000004,50.240002000000004,6500
2007-12-21,50.240002000000004,52.48,50.240002000000004,52.0,52.0,7300
2007-12-24,52.400002,54.799999,50.880001,54.799999,54.799999,4200
2007-12-26,57.200001,59.599998,54.0,56.560001,56.560001,22100
2007-12-27,58.799999,59.200001,58.0,58.799999,58.799999,10200
2007-12-28,61.200001,61.200001,58.0,58.16,58.16,10900
2007-12-31,60.400002,60.400002,56.400002,58.400002,58.400002,6700
2008-01-02,58.400002,58.799999,50.799999,54.400002,54.400002,14300
2008-01-03,52.0,57.599998,52.0,53.599998,53.599998,14200
2008-01-04,52.32,63.279999,52.32,52.799999,52.799999,9400
2008-01-07,54.0,56.0,52.0,53.200001,53.200001,5700
2008-01-08,54.400002,55.200001,52.0,53.919998,53.919998,3200
2008-01-09,53.919998,53.919998,50.0,51.439999,51.439999,4300
2008-01-10,51.200001,53.599998,48.639998999999996,53.200001,53.200001,2400
2008-01-11,51.360001000000004,55.52,51.360001000000004,54.799999,54.799999,16900
2008-01-14,54.400002,55.84,53.200001,55.68,55.68,3600
2008-01-15,52.080002,55.84,51.599998,54.400002,54.400002,1400
2008-01-16,54.880001,54.880001,50.799999,51.919998,51.919998,2700
2008-01-17,51.279999,54.16,51.200001,53.599998,53.599998,2400
2008-01-18,54.0,54.0,50.240002000000004,51.200001,51.200001,4500
2008-01-22,48.799999,50.240002000000004,45.279999,48.0,48.0,10800
2008-01-23,48.0,48.080002,45.599998,47.200001,47.200001,6500
2008-01-24,47.200001,48.0,44.799999,48.0,48.0,2900
2008-01-25,47.599998,47.919998,44.0,45.119999,45.119999,6600
2008-01-28,43.599998,46.0,43.599998,46.0,46.0,6900
2008-01-29,46.799999,48.0,46.0,47.360001000000004,47.360001000000004,4900
2008-01-30,47.439999,48.0,46.959998999999996,47.200001,47.200001,10700
2008-01-31,47.599998,47.599998,47.200001,47.279999,47.279999,9000
2008-02-01,47.279999,48.799999,46.639998999999996,46.880001,46.880001,14300
2008-02-04,45.599998,48.799999,45.599998,47.360001000000004,47.360001000000004,2800
2008-02-05,48.0,48.799999,47.200001,48.799999,48.799999,5200
2008-02-06,48.799999,53.200001,48.720001,53.119999,53.119999,10200
2008-02-07,51.919998,52.799999,51.919998,52.799999,52.799999,2200
2008-02-08,51.200001,52.799999,48.400002,51.919998,51.919998,2900
2008-02-11,52.0,52.560001,51.599998,52.0,52.0,1400
2008-02-12,52.799999,56.0,52.560001,53.919998,53.919998,2800
2008-02-13,54.32,56.0,54.240002000000004,55.040001000000004,55.040001000000004,4700
2008-02-14,54.0,58.400002,53.52,58.0,58.0,14800
2008-02-15,58.0,58.32,55.759997999999996,56.799999,56.799999,7600
2008-02-19,58.0,59.200001,56.799999,56.880001,56.880001,4900
2008-02-20,58.0,58.0,52.0,56.240002000000004,56.240002000000004,9700
2008-02-21,59.200001,59.439999,55.119999,57.919998,57.919998,12300
2008-02-22,59.040001000000004,59.040001000000004,56.799999,57.279999,57.279999,900
2008-02-25,57.599998,59.200001,56.799999,59.200001,59.200001,8300
2008-02-26,59.279999,59.759997999999996,57.279999,58.400002,58.400002,13600
2008-02-27,59.200001,59.200001,57.599998,58.16,58.16,8200
2008-02-28,60.0,60.0,56.799999,56.799999,56.799999,6100
2008-02-29,56.799999,56.959998999999996,54.400002,54.48,54.48,7500
2008-03-03,54.400002,60.799999,54.400002,59.279999,59.279999,30800
2008-03-04,59.68,62.400002,58.799999,58.959998999999996,58.959998999999996,20200
2008-03-05,59.200001,60.0,58.400002,58.48,58.48,3300
2008-03-06,58.400002,59.599998,56.0,56.799999,56.799999,3600
2008-03-07,56.400002,58.0,56.0,56.400002,56.400002,2900
2008-03-10,56.48,57.52,55.599998,56.32,56.32,4600
2008-03-11,57.200001,57.200001,55.599998,56.400002,56.400002,2400
2008-03-12,56.880001,58.0,56.0,57.68,57.68,1200
2008-03-13,57.200001,57.200001,56.0,56.959998999999996,56.959998999999996,2500
2008-03-14,58.0,58.0,56.400002,57.119999,57.119999,1400
2008-03-17,55.599998,56.48,52.400002,54.080002,54.080002,9400
2008-03-18,54.400002,56.400002,53.200001,55.040001000000004,55.040001000000004,4400
2008-03-19,55.84,56.32,53.84,55.759997999999996,55.759997999999996,4100
2008-03-20,46.400002,56.0,46.400002,55.279999,55.279999,1600
2008-03-24,55.68,55.68,54.400002,55.439999,55.439999,5800
2008-03-25,55.68,55.68,54.959998999999996,55.200001,55.200001,2300
2008-03-26,55.200001,55.52,54.959998999999996,55.119999,55.119999,1800
2008-03-27,55.68,55.68,54.0,54.639998999999996,54.639998999999996,2500
2008-03-28,54.639998999999996,55.68,54.48,55.040001000000004,55.040001000000004,7300
2008-03-31,55.119999,55.599998,54.400002,55.279999,55.279999,3500
2008-04-01,55.200001,58.080002,54.799999,57.599998,57.599998,25700
2008-04-02,57.599998,57.599998,56.0,56.799999,56.799999,16200
2008-04-03,56.799999,56.799999,55.200001,56.0,56.0,3600
2008-04-04,56.799999,56.799999,55.200001,56.0,56.0,8500
2008-04-07,57.599998,57.599998,55.759997999999996,56.0,56.0,3200
2008-04-08,54.880001,55.52,54.880001,55.119999,55.119999,5200
2008-04-09,54.880001,56.0,54.400002,54.400002,54.400002,4700
2008-04-10,55.200001,60.32,55.040001000000004,58.720001,58.720001,42600
2008-04-11,58.400002,58.400002,54.400002,56.32,56.32,12600
2008-04-14,56.400002,56.400002,54.400002,55.919998,55.919998,4400
2008-04-15,55.360001000000004,56.16,54.880001,55.68,55.68,3800
2008-04-16,56.400002,60.400002,54.799999,59.279999,59.279999,33600
2008-04-17,57.599998,70.400002,57.599998,68.800003,68.800003,96800
2008-04-18,70.559998,73.120003,66.720001,72.0,72.0,80300
2008-04-21,72.0,76.0,71.599998,75.040001,75.040001,49700
2008-04-22,74.32,75.91999799999999,71.68,73.599998,73.599998,26000
2008-04-23,74.559998,74.559998,71.279999,73.599998,73.599998,14800
2008-04-24,72.800003,75.839996,71.760002,71.760002,71.760002,23800
2008-04-25,72.0,73.599998,70.400002,71.360001,71.360001,12100
2008-04-28,72.400002,79.199997,72.400002,78.400002,78.400002,86100
2008-04-29,77.519997,77.519997,74.639999,75.839996,75.839996,25900
2008-04-30,80.08000200000001,80.800003,72.400002,74.160004,74.160004,75000
2008-05-01,75.040001,76.239998,68.08000200000001,71.360001,71.360001,48000
2008-05-02,71.519997,73.68,70.639999,72.879997,72.879997,24300
2008-05-05,73.440002,77.040001,70.400002,74.0,74.0,29000
2008-05-06,74.800003,74.800003,70.0,73.839996,73.839996,25000
2008-05-07,74.400002,76.720001,71.599998,72.720001,72.720001,35200
2008-05-08,72.400002,73.760002,70.400002,72.239998,72.239998,12100
2008-05-09,73.040001,74.959999,72.0,74.08000200000001,74.08000200000001,10800
2008-05-12,75.199997,82.0,74.400002,76.160004,76.160004,105000
2008-05-13,76.800003,79.760002,75.599998,77.839996,77.839996,22800
2008-05-14,78.720001,88.639999,78.720001,88.480003,88.480003,91400
2008-05-15,89.120003,91.279999,84.239998,86.559998,86.559998,43100
2008-05-16,86.959999,88.959999,82.400002,85.120003,85.120003,30200
2008-05-19,86.239998,88.879997,80.0,82.08000200000001,82.08000200000001,74000
2008-05-20,82.08000200000001,83.68,79.599998,82.08000200000001,82.08000200000001,39300
2008-05-21,82.959999,86.160004,74.879997,75.839996,75.839996,49500
2008-05-22,74.0,74.800003,69.199997,70.879997,70.879997,68600
2008-05-23,70.959999,73.199997,68.08000200000001,69.91999799999999,69.91999799999999,35400
2008-05-27,69.91999799999999,73.440002,69.760002,71.760002,71.760002,27400
2008-05-28,71.839996,75.040001,71.360001,71.839996,71.839996,17700
2008-05-29,71.519997,73.91999799999999,69.68,70.639999,70.639999,22800
2008-05-30,76.800003,79.839996,75.599998,78.959999,78.959999,68300
2008-06-02,79.199997,79.839996,74.32,75.120003,75.120003,40100
2008-06-03,74.559998,85.839996,74.559998,79.91999799999999,79.91999799999999,50900
2008-06-04,79.91999799999999,83.760002,79.91999799999999,81.839996,81.839996,20400
2008-06-05,82.239998,83.839996,78.800003,80.800003,80.800003,27000
2008-06-06,80.879997,81.199997,78.639999,78.639999,78.639999,16500
2008-06-09,79.839996,79.839996,72.0,78.0,78.0,28500
2008-06-10,76.400002,79.599998,75.120003,76.720001,76.720001,27000
2008-06-11,76.800003,76.800003,70.879997,71.760002,71.760002,31300
2008-06-12,75.599998,76.400002,72.879997,73.599998,73.599998,23600
2008-06-13,73.760002,74.239998,70.800003,70.879997,70.879997,20400
2008-06-16,70.879997,74.0,70.08000200000001,71.440002,71.440002,27100
2008-06-17,72.0,72.559998,68.400002,69.839996,69.839996,24800
2008-06-18,69.279999,70.800003,69.040001,70.800003,70.800003,18400
2008-06-19,70.800003,71.91999799999999,68.879997,71.199997,71.199997,19000
2008-06-20,71.120003,72.480003,70.0,71.599998,71.599998,15800
2008-06-23,72.32,76.0,72.08000200000001,74.0,74.0,21700
2008-06-24,74.0,75.040001,70.800003,71.040001,71.040001,16600
2008-06-25,72.0,72.800003,71.040001,71.519997,71.519997,24500
2008-06-26,71.199997,71.360001,68.639999,68.800003,68.800003,21200
2008-06-27,68.720001,68.959999,60.32,66.08000200000001,66.08000200000001,84000
2008-06-30,72.0,72.0,66.639999,68.160004,68.160004,24500
2008-07-01,67.760002,70.0,65.440002,68.480003,68.480003,16200
2008-07-02,69.599998,71.199997,68.800003,69.040001,69.040001,25000
2008-07-03,69.360001,69.68,63.439999,65.279999,65.279999,21100
2008-07-07,66.0,66.720001,59.68,62.0,62.0,32500
2008-07-08,61.52,64.32,60.720001,63.919998,63.919998,21900
2008-07-09,64.400002,64.639999,62.560001,63.919998,63.919998,12600
2008-07-10,63.759997999999996,64.559998,62.560001,64.559998,64.559998,8500
2008-07-11,62.959998999999996,64.400002,61.360001000000004,64.0,64.0,17500
2008-07-14,64.32,64.720001,61.599998,62.799999,62.799999,9500
2008-07-15,62.400002,63.919998,60.080002,62.720001,62.720001,11000
2008-07-16,62.720001,67.519997,61.599998,66.879997,66.879997,18600
2008-07-17,66.879997,71.360001,65.120003,71.360001,71.360001,18900
2008-07-18,71.599998,71.599998,68.639999,70.0,70.0,10600
2008-07-21,70.400002,70.400002,68.08000200000001,68.08000200000001,68.08000200000001,7600
2008-07-22,67.599998,71.760002,67.599998,71.599998,71.599998,9800
2008-07-23,71.760002,75.199997,69.760002,71.040001,71.040001,17900
2008-07-24,72.400002,72.400002,68.160004,69.68,69.68,8800
2008-07-25,71.199997,71.199997,69.120003,70.639999,70.639999,8400
2008-07-28,71.120003,72.800003,69.599998,70.559998,70.559998,15400
2008-07-29,71.760002,73.839996,70.08000200000001,72.0,72.0,21700
2008-07-30,63.200001,68.720001,63.200001,63.68,63.68,97100
2008-07-31,64.400002,67.120003,64.400002,66.800003,66.800003,43400
2008-08-01,67.199997,67.199997,64.480003,65.040001,65.040001,27900
2008-08-04,65.599998,65.599998,58.48,60.16,60.16,78500
2008-08-05,60.959998999999996,62.720001,60.959998999999996,62.080002,62.080002,36100
2008-08-06,62.16,64.559998,61.759997999999996,63.759997999999996,63.759997999999996,21200
2008-08-07,63.200001,63.200001,61.759997999999996,62.0,62.0,10100
2008-08-08,62.240002000000004,62.959998999999996,62.0,62.720001,62.720001,17300
2008-08-11,62.799999,63.52,62.400002,62.48,62.48,16800
2008-08-12,62.560001,63.040001000000004,62.0,62.639998999999996,62.639998999999996,24800
2008-08-13,62.799999,62.799999,61.599998,62.240002000000004,62.240002000000004,29800
2008-08-14,62.16,62.560001,60.560001,62.32,62.32,6500
2008-08-15,62.799999,62.959998999999996,58.959998999999996,59.119999,59.119999,31300
2008-08-18,59.599998,62.799999,59.599998,62.0,62.0,23000
2008-08-19,62.0,64.400002,61.279999,63.759997999999996,63.759997999999996,27700
2008-08-20,63.919998,65.91999799999999,63.759997999999996,65.519997,65.519997,28200
2008-08-21,65.360001,66.0,64.400002,65.599998,65.599998,15400
2008-08-22,65.760002,72.0,65.199997,71.68,71.68,55400
2008-08-25,71.68,73.599998,66.0,72.400002,72.400002,39700
2008-08-26,72.239998,73.360001,71.68,72.800003,72.800003,25800
2008-08-27,72.800003,72.800003,70.32,72.32,72.32,10300
2008-08-28,72.32,72.32,71.599998,72.0,72.0,9700
2008-08-29,72.0,72.160004,70.959999,71.360001,71.360001,18000
2008-09-02,72.0,76.0,71.599998,72.480003,72.480003,38400
2008-09-03,72.0,72.879997,68.239998,68.800003,68.800003,11800
2008-09-04,68.720001,69.760002,65.120003,67.199997,67.199997,16900
2008-09-05,67.199997,67.760002,65.760002,66.879997,66.879997,17600
2008-09-08,68.32,68.720001,67.120003,67.599998,67.599998,15100
2008-09-09,67.199997,67.199997,63.119999,64.32,64.32,18500
2008-09-10,64.559998,64.959999,63.759997999999996,64.32,64.32,14800
2008-09-11,63.439999,64.800003,63.040001000000004,64.0,64.0,9400
2008-09-12,63.84,64.800003,63.200001,63.919998,63.919998,16400
2008-09-15,62.48,64.959999,60.080002,60.080002,60.080002,13600
2008-09-16,60.400002,61.599998,60.080002,60.959998999999996,60.959998999999996,10700
2008-09-17,60.880001,62.799999,57.119999,61.119999,61.119999,33000
2008-09-18,61.84,64.0,58.400002,63.599998,63.599998,25500
2008-09-19,68.400002,69.91999799999999,62.0,63.040001000000004,63.040001000000004,25200
2008-09-22,63.360001000000004,63.360001000000004,57.119999,57.200001,57.200001,25900
2008-09-23,57.200001,58.16,56.16,56.32,56.32,5700
2008-09-24,56.16,58.0,54.0,57.439999,57.439999,49800
2008-09-25,57.200001,58.639998999999996,54.880001,56.48,56.48,7800
2008-09-26,55.040001000000004,56.16,54.080002,56.0,56.0,6500
2008-09-29,56.0,58.560001,52.16,53.759997999999996,53.759997999999996,24900
2008-09-30,54.16,57.599998,54.16,54.959998999999996,54.959998999999996,15600
2008-10-01,54.880001,56.560001,54.560001,55.200001,55.200001,51700
2008-10-02,55.439999,55.439999,50.799999,51.360001000000004,51.360001000000004,28500
2008-10-03,52.0,52.720001,48.0,48.799999,48.799999,38300
2008-10-06,48.0,48.0,36.16,43.200001,43.200001,66500
2008-10-07,43.200001,47.360001000000004,39.919998,40.799999,40.799999,32000
2008-10-08,38.880001,40.799999,32.48,37.119999,37.119999,26900
2008-10-09,37.119999,41.84,35.200001,35.200001,35.200001,15400
2008-10-10,32.880001,40.0,26.08,32.240002000000004,32.240002000000004,68500
2008-10-13,34.16,41.919998,34.16,40.0,40.0,9100
2008-10-14,46.720001,46.720001,40.0,40.32,40.32,41500
2008-10-15,40.0,40.080002,35.200001,36.0,36.0,10800
2008-10-16,36.560001,37.599998,36.0,36.0,36.0,8600
2008-10-17,35.279999,38.16,33.759997999999996,36.880001,36.880001,8700
2008-10-20,38.0,40.0,36.48,37.360001000000004,37.360001000000004,5100
2008-10-21,37.360001000000004,40.0,36.560001,37.439999,37.439999,14300
2008-10-22,36.560001,38.240002000000004,36.16,37.279999,37.279999,11300
2008-10-23,37.68,37.68,34.959998999999996,35.360001000000004,35.360001000000004,6500
2008-10-24,33.759997999999996,34.720001,33.040001000000004,33.52,33.52,5600
2008-10-27,33.759997999999996,34.720001,33.360001000000004,33.360001000000004,33.360001000000004,4400
2008-10-28,34.959998999999996,34.959998999999996,31.200001,31.92,31.92,8100
2008-10-29,32.720001,32.720001,31.200001,32.400002,32.400002,8900
2008-10-30,31.120001000000002,31.120001000000002,20.959999,26.24,26.24,117000
2008-10-31,26.4,31.120001000000002,25.040001,30.4,30.4,32500
2008-11-03,31.120001000000002,31.120001000000002,28.639999,29.200001,29.200001,12400
2008-11-04,29.280001000000002,30.16,27.280001000000002,28.0,28.0,16800
2008-11-05,28.639999,28.719998999999998,26.16,26.32,26.32,6400
2008-11-06,26.719998999999998,26.719998999999998,24.48,25.68,25.68,11300
2008-11-07,26.48,26.559998999999998,25.040001,25.200001,25.200001,11400
2008-11-10,25.6,25.6,24.08,24.719998999999998,24.719998999999998,7800
2008-11-11,24.0,24.24,22.24,23.84,23.84,32700
2008-11-12,23.52,24.16,21.68,23.200001,23.200001,14600
2008-11-13,22.799999,27.52,22.799999,27.040001,27.040001,16400
2008-11-14,26.08,27.6,25.040001,26.24,26.24,14300
2008-11-17,26.16,29.84,25.440001000000002,29.68,29.68,11900
2008-11-18,30.4,32.240002000000004,28.559998999999998,31.68,31.68,22500
2008-11-19,31.200001,32.400002,29.76,31.84,31.84,16100
2008-11-20,30.799999,33.52,28.0,28.4,28.4,19100
2008-11-21,29.68,31.6,27.52,30.32,30.32,15400
2008-11-24,31.360001,33.599998,31.360001,33.360001000000004,33.360001000000004,24800
2008-11-25,33.919998,34.0,28.4,28.4,28.4,16200
2008-11-26,28.48,32.16,28.48,30.799999,30.799999,5900
2008-11-28,30.24,31.52,28.32,31.040001,31.040001,3400
2008-12-01,29.84,31.200001,28.799999,29.6,29.6,8800
2008-12-02,30.4,30.559998999999998,28.959999,30.24,30.24,5000
2008-12-03,29.200001,29.68,27.440001000000002,28.4,28.4,2500
2008-12-04,29.200001,29.200001,26.08,27.440001000000002,27.440001000000002,5400
2008-12-05,27.440001000000002,28.959999,27.040001,28.959999,28.959999,4700
2008-12-08,30.24,32.880001,29.68,30.4,30.4,3100
2008-12-09,30.559998999999998,30.639999,29.76,30.4,30.4,5100
2008-12-10,30.559998999999998,32.0,29.52,31.76,31.76,5400
2008-12-11,30.16,32.400002,30.16,31.120001000000002,31.120001000000002,2600
2008-12-12,29.92,32.0,29.92,30.4,30.4,1800
2008-12-15,31.68,32.0,27.040001,27.84,27.84,9100
2008-12-16,28.32,28.639999,26.959999,27.92,27.92,16700
2008-12-17,28.24,28.4,26.559998999999998,27.200001,27.200001,13200
2008-12-18,27.84,27.84,24.959999,26.559998999999998,26.559998999999998,10900
2008-12-19,26.24,27.200001,24.0,24.4,24.4,5400
2008-12-22,24.959999,25.360001,22.879998999999998,24.32,24.32,8500
2008-12-23,24.0,24.799999,24.0,24.32,24.32,13300
2008-12-24,24.559998999999998,24.879998999999998,24.48,24.799999,24.799999,4300
2008-12-26,25.76,25.76,24.4,24.719998999999998,24.719998999999998,4300
2008-12-29,24.24,25.200001,23.360001,23.440001000000002,23.440001000000002,7400
2008-12-30,23.84,23.84,20.559998999999998,20.879998999999998,20.879998999999998,20200
2008-12-31,21.200001,25.6,21.200001,24.719998999999998,24.719998999999998,19100
2009-01-02,25.360001,26.959999,24.799999,25.200001,25.200001,14100
2009-01-05,25.440001000000002,30.08,25.360001,27.92,27.92,18300
2009-01-06,29.92,31.68,26.16,28.32,28.32,35900
2009-01-07,26.32,27.360001,23.68,25.040001,25.040001,16500
2009-01-08,26.4,26.4,22.16,23.52,23.52,24000
2009-01-09,24.32,24.32,22.879998999999998,23.360001,23.360001,9500
2009-01-12,34.0,34.0,23.200001,23.84,23.84,49900
2009-01-13,25.76,26.24,24.0,25.68,25.68,16400
2009-01-14,25.6,25.6,24.16,24.799999,24.799999,4500
2009-01-15,24.32,25.52,23.280001000000002,23.76,23.76,8600
2009-01-16,24.4,25.84,23.440001000000002,24.48,24.48,3600
2009-01-20,25.92,25.92,24.32,24.719998999999998,24.719998999999998,5400
2009-01-21,24.4,24.48,23.280001000000002,23.76,23.76,6700
2009-01-22,23.6,25.200001,23.440001000000002,23.76,23.76,2700
2009-01-23,23.6,24.32,23.200001,23.6,23.6,11400
2009-01-26,23.52,23.92,23.52,23.68,23.68,3100
2009-01-27,23.68,24.0,23.68,23.84,23.84,3300
2009-01-28,24.719998999999998,24.719998999999998,24.0,24.559998999999998,24.559998999999998,2400
2009-01-29,24.16,24.4,23.84,24.4,24.4,1800
2009-01-30,24.0,24.08,23.92,24.08,24.08,5700
2009-02-02,23.6,24.08,23.6,23.84,23.84,2900
2009-02-03,23.6,24.32,23.6,24.0,24.0,5900
2009-02-04,24.0,24.32,23.84,23.92,23.92,2200
2009-02-05,23.68,24.879998999999998,23.6,24.639999,24.639999,3500
2009-02-06,25.280001000000002,28.4,25.280001000000002,27.200001,27.200001,13100
2009-02-09,26.799999,27.440001000000002,25.6,26.559998999999998,26.559998999999998,3100
2009-02-10,26.559998999999998,26.719998999999998,25.440001000000002,25.52,25.52,2600
2009-02-11,24.559998999999998,26.719998999999998,24.559998999999998,26.4,26.4,2500
2009-02-12,26.719998999999998,27.040001,25.360001,27.040001,27.040001,2700
2009-02-13,27.040001,28.0,26.08,27.92,27.92,3000
2009-02-17,28.48,29.200001,26.4,28.0,28.0,5300
2009-02-18,28.16,31.200001,27.68,30.24,30.24,5800
2009-02-19,29.200001,31.200001,29.200001,30.879998999999998,30.879998999999998,1700
2009-02-20,29.360001,31.6,27.68,28.4,28.4,3700
2009-02-23,28.16,29.6,26.08,26.32,26.32,1400
2009-02-24,26.4,26.559998999999998,26.08,26.24,26.24,1500
2009-02-25,26.4,27.200001,26.4,26.639999,26.639999,1900
2009-02-26,27.6,29.040001,26.48,26.559998999999998,26.559998999999998,2500
2009-02-27,27.120001000000002,27.200001,26.799999,27.040001,27.040001,2600
2009-03-02,26.559998999999998,26.799999,26.0,26.639999,26.639999,6700
2009-03-03,26.639999,26.639999,24.959999,26.08,26.08,7500
2009-03-04,25.440001000000002,26.0,24.32,24.959999,24.959999,6500
2009-03-05,24.879998999999998,25.120001000000002,24.639999,25.120001000000002,25.120001000000002,1800
2009-03-06,24.16,24.48,24.08,24.32,24.32,3900
2009-03-09,24.559998999999998,24.719998999999998,24.16,24.559998999999998,24.559998999999998,3100
2009-03-10,22.4,22.4,13.2,16.959999,16.959999,104100
2009-03-11,17.040001,17.040001,13.76,14.0,14.0,34000
2009-03-12,13.44,14.96,12.64,14.4,14.4,27800
2009-03-13,14.48,16.48,12.8,14.16,14.16,18900
2009-03-16,14.72,14.8,12.8,12.96,12.96,15000
2009-03-17,13.44,13.76,11.6,12.48,12.48,27800
2009-03-18,12.48,12.64,12.0,12.32,12.32,12400
2009-03-19,12.08,13.28,12.0,13.2,13.2,15900
2009-03-20,13.6,14.0,13.12,14.0,14.0,6700
2009-03-23,14.8,14.96,13.76,13.84,13.84,6900
2009-03-24,14.0,15.28,14.0,14.4,14.4,8900
2009-03-25,14.96,16.0,14.24,14.32,14.32,4100
2009-03-26,15.04,15.04,13.6,13.84,13.84,5800
2009-03-27,14.0,14.48,12.96,12.96,12.96,3600
2009-03-30,12.96,13.44,12.72,12.72,12.72,3400
2009-03-31,12.88,12.88,12.48,12.56,12.56,8400
2009-04-01,12.88,13.2,12.64,12.8,12.8,3100
2009-04-02,12.8,15.44,12.8,14.8,14.8,17500
2009-04-03,15.52,18.0,14.64,16.48,16.48,29400
2009-04-06,16.959999,18.32,16.0,18.24,18.24,16900
2009-04-07,17.120001000000002,18.48,17.120001000000002,17.92,17.92,10200
2009-04-08,18.4,18.559998999999998,17.6,17.6,17.6,6700
2009-04-09,18.24,18.559998999999998,17.280001000000002,17.6,17.6,7300
2009-04-13,17.200001,17.6,16.799999,17.200001,17.200001,7400
2009-04-14,17.200001,17.280001000000002,15.2,15.6,15.6,9800
2009-04-15,16.08,16.08,13.84,14.16,14.16,15400
2009-04-16,15.44,17.92,15.36,17.040001,17.040001,23700
2009-04-17,16.719998999999998,16.799999,15.2,15.44,15.44,11700
2009-04-20,15.2,15.44,14.08,14.32,14.32,7600
2009-04-21,14.48,14.48,14.0,14.08,14.08,4200
2009-04-22,14.32,16.4,14.16,15.28,15.28,7700
2009-04-23,15.6,15.76,15.04,15.04,15.04,3400
2009-04-24,15.28,15.28,14.64,14.96,14.96,2900
2009-04-27,15.2,15.52,14.96,15.2,15.2,2700
2009-04-28,15.28,15.44,15.12,15.12,15.12,6000
2009-04-29,14.8,15.76,14.72,14.96,14.96,4900
2009-04-30,15.6,15.68,14.8,15.04,15.04,9100
2009-05-01,15.36,15.36,13.84,14.08,14.08,25600
2009-05-04,14.32,14.56,14.08,14.16,14.16,9600
2009-05-05,14.8,14.88,14.08,14.24,14.24,7600
2009-05-06,14.24,14.4,14.0,14.0,14.0,7900
2009-05-07,14.0,14.8,14.0,14.0,14.0,5900
2009-05-08,14.4,14.56,14.08,14.16,14.16,4900
2009-05-11,14.24,14.88,14.0,14.8,14.8,10000
2009-05-12,14.8,14.8,14.0,14.08,14.08,5500
2009-05-13,14.16,14.16,12.88,12.88,12.88,15000
2009-05-14,14.0,14.0,12.4,13.04,13.04,11800
2009-05-15,13.52,13.92,13.12,13.92,13.92,5000
2009-05-18,14.24,14.24,13.68,14.0,14.0,4100
2009-05-19,13.6,14.4,13.6,14.0,14.0,7500
2009-05-20,13.92,14.48,13.92,14.0,14.0,7600
2009-05-21,13.68,14.08,13.68,13.92,13.92,1300
2009-05-22,14.08,14.08,13.68,13.68,13.68,2600
2009-05-26,13.68,14.32,13.6,14.32,14.32,5900
2009-05-27,14.4,15.2,14.4,15.12,15.12,7300
2009-05-28,14.64,14.8,13.92,14.4,14.4,5900
2009-05-29,14.96,15.2,14.0,14.4,14.4,8400
2009-06-01,14.08,15.36,14.08,14.8,14.8,8200
2009-06-02,14.4,16.799999,14.4,16.32,16.32,11200
2009-06-03,17.120001000000002,18.0,16.32,17.68,17.68,8600
2009-06-04,17.68,20.0,17.68,19.6,19.6,17800
2009-06-05,20.0,21.040001,20.0,20.16,20.16,13400
2009-06-08,20.639999,20.639999,17.200001,19.200001,19.200001,8600
2009-06-09,19.200001,20.0,18.639999,19.92,19.92,4400
2009-06-10,20.0,20.0,18.799999,18.799999,18.799999,8700
2009-06-11,19.360001,19.76,18.48,19.200001,19.200001,4500
2009-06-12,19.200001,19.200001,18.799999,18.799999,18.799999,4600
2009-06-15,19.280001000000002,19.6,19.040001,19.280001000000002,19.280001000000002,8500
2009-06-16,19.120001000000002,19.360001,18.959999,19.040001,19.040001,4400
2009-06-17,18.799999,19.200001,18.799999,18.799999,18.799999,4000
2009-06-18,19.440001000000002,19.440001000000002,18.719998999999998,18.799999,18.799999,1600
2009-06-19,18.959999,18.959999,18.4,18.799999,18.799999,3300
2009-06-22,18.48,19.280001000000002,18.0,18.959999,18.959999,9200
2009-06-23,19.360001,19.360001,17.6,18.16,18.16,2300
2009-06-24,17.92,18.879998999999998,17.76,18.879998999999998,18.879998999999998,2800
2009-06-25,18.879998999999998,18.879998999999998,18.0,18.24,18.24,1800
2009-06-26,18.48,18.959999,17.6,17.6,17.6,8700
2009-06-29,18.0,18.0,17.6,17.68,17.68,2100
2009-06-30,17.6,17.84,17.6,17.76,17.76,5100
2009-07-01,17.68,19.52,17.6,19.200001,19.200001,21200
2009-07-02,19.200001,20.0,18.799999,19.92,19.92,4900
2009-07-06,19.360001,19.360001,18.0,18.719998999999998,18.719998999999998,3000
2009-07-07,19.200001,20.719998999999998,19.200001,20.0,20.0,10500
2009-07-08,20.4,20.4,19.84,20.0,20.0,3800
2009-07-09,20.32,20.32,20.0,20.0,20.0,7200
2009-07-10,20.0,20.719998999999998,20.0,20.16,20.16,800
2009-07-13,20.16,20.16,19.6,19.6,19.6,4700
2009-07-14,19.84,20.0,19.6,19.68,19.68,2100
2009-07-15,19.92,19.92,19.6,19.84,19.84,1400
2009-07-16,19.52,20.559998999999998,19.52,20.4,20.4,1400
2009-07-17,20.16,20.24,19.6,19.6,19.6,1400
2009-07-20,19.92,20.799999,19.52,19.84,19.84,700
2009-07-21,20.48,20.959999,20.48,20.959999,20.959999,6000
2009-07-22,20.959999,21.92,19.52,20.879998999999998,20.879998999999998,2700
2009-07-23,20.799999,20.959999,20.16,20.879998999999998,20.879998999999998,8100
2009-07-24,20.879998999999998,22.0,20.879998999999998,22.0,22.0,1900
2009-07-27,21.6,24.0,21.6,23.76,23.76,7600
2009-07-28,23.92,24.08,23.6,23.92,23.92,4800
2009-07-29,24.16,25.200001,23.68,24.4,24.4,7100
2009-07-30,25.92,25.92,23.6,24.799999,24.799999,11400
2009-07-31,24.4,24.4,23.200001,24.0,24.0,5500
2009-08-03,23.84,23.84,22.48,22.799999,22.799999,5800
2009-08-04,22.559998999999998,22.559998999999998,21.360001,22.08,22.08,10800
2009-08-05,22.4,22.4,20.719998999999998,21.360001,21.360001,6300
2009-08-06,21.68,21.84,21.280001000000002,21.6,21.6,4200
2009-08-07,21.6,22.0,21.6,21.84,21.84,1200
2009-08-10,21.6,23.280001000000002,21.6,22.879998999999998,22.879998999999998,2900
2009-08-11,23.200001,23.52,21.200001,22.32,22.32,4200
2009-08-12,21.84,23.92,21.200001,21.6,21.6,3900
2009-08-13,21.84,22.639999,21.040001,22.4,22.4,5100
2009-08-14,22.32,22.4,20.4,22.16,22.16,2500
2009-08-17,20.879998999999998,22.16,20.799999,21.440001000000002,21.440001000000002,1500
2009-08-18,22.08,22.08,21.52,21.52,21.52,1100
2009-08-19,21.6,21.6,19.360001,20.719998999999998,20.719998999999998,4300
2009-08-20,21.360001,21.76,21.200001,21.360001,21.360001,8700
2009-08-21,21.200001,21.76,20.639999,21.280001000000002,21.280001000000002,1900
2009-08-24,21.120001000000002,22.0,19.280001000000002,20.32,20.32,6100
2009-08-25,19.76,20.719998999999998,19.76,20.08,20.08,4500
2009-08-26,20.4,20.4,19.6,19.6,19.6,4500
2009-08-27,19.52,19.84,18.879998999999998,19.84,19.84,3500
2009-08-28,20.4,20.639999,20.0,20.4,20.4,2300
2009-08-31,20.4,20.4,19.440001000000002,19.68,19.68,3900
2009-09-01,19.92,20.0,18.799999,19.92,19.92,2800
2009-09-02,19.92,19.92,19.200001,19.6,19.6,3000
2009-09-03,19.6,19.76,18.879998999999998,19.360001,19.360001,8100
2009-09-04,18.959999,19.360001,18.639999,19.360001,19.360001,17500
2009-09-08,19.360001,19.68,18.799999,18.799999,18.799999,22600
2009-09-09,18.48,19.68,18.48,19.040001,19.040001,29500
2009-09-10,18.799999,19.68,18.639999,19.200001,19.200001,4000
2009-09-11,19.200001,19.200001,18.48,19.200001,19.200001,10800
2009-09-14,18.639999,19.200001,18.4,19.200001,19.200001,1100
2009-09-15,19.200001,19.84,19.040001,19.84,19.84,9400
2009-09-16,19.84,20.4,19.360001,20.0,20.0,5400
2009-09-17,20.08,20.08,19.120001000000002,19.92,19.92,7200
2009-09-18,19.84,20.0,19.200001,19.200001,19.200001,3100
2009-09-21,20.0,20.4,19.84,20.24,20.24,5300
2009-09-22,21.120001000000002,21.200001,19.280001000000002,19.92,19.92,5500
2009-09-23,20.16,20.32,19.68,20.16,20.16,5800
2009-09-24,19.92,20.799999,19.92,20.0,20.0,2400
2009-09-25,19.68,20.0,19.52,19.92,19.92,1400
2009-09-28,19.68,20.16,19.280001000000002,20.0,20.0,3600
2009-09-29,20.0,20.0,19.200001,19.84,19.84,3900
2009-09-30,20.16,20.4,18.959999,20.0,20.0,4300
2009-10-01,20.0,20.0,18.559998999999998,18.799999,18.799999,5000
2009-10-02,18.559998999999998,19.6,18.24,19.120001000000002,19.120001000000002,4800
2009-10-05,19.200001,19.200001,18.4,18.4,18.4,4200
2009-10-06,18.24,18.24,17.6,17.68,17.68,4700
2009-10-07,18.0,18.799999,17.6,18.4,18.4,10400
2009-10-08,18.4,19.200001,18.24,18.879998999999998,18.879998999999998,6500
2009-10-09,18.48,19.200001,18.48,18.559998999999998,18.559998999999998,26900
2009-10-12,18.4,19.52,18.16,19.200001,19.200001,21200
2009-10-13,19.200001,19.360001,18.719998999999998,18.799999,18.799999,11600
2009-10-14,18.4,19.280001000000002,18.4,18.799999,18.799999,6000
2009-10-15,18.799999,19.360001,18.639999,19.200001,19.200001,11500
2009-10-16,18.959999,19.280001000000002,18.959999,19.200001,19.200001,8700
2009-10-19,19.040001,19.200001,18.959999,19.120001000000002,19.120001000000002,5100
2009-10-20,19.200001,20.0,18.799999,19.280001000000002,19.280001000000002,6700
2009-10-21,19.280001000000002,20.08,19.200001,19.440001000000002,19.440001000000002,3400
2009-10-22,19.76,19.76,19.200001,19.52,19.52,7600
2009-10-23,19.68,19.92,19.200001,19.76,19.76,4600
2009-10-26,20.0,21.200001,19.6,19.6,19.6,6800
2009-10-27,20.0,20.0,19.360001,19.68,19.68,8200
2009-10-28,19.440001000000002,19.6,19.200001,19.200001,19.200001,900
2009-10-29,19.040001,19.200001,16.16,16.719998999999998,16.719998999999998,62300
2009-10-30,16.4,17.200001,16.4,16.719998999999998,16.719998999999998,15400
2009-11-02,16.4,17.200001,16.32,16.719998999999998,16.719998999999998,6000
2009-11-03,16.639999,16.639999,15.36,15.84,15.84,6900
2009-11-04,16.719998999999998,16.959999,16.16,16.559998999999998,16.559998999999998,7100
2009-11-05,18.799999,18.799999,14.88,15.76,15.76,29900
2009-11-06,16.719998999999998,16.719998999999998,14.8,15.6,15.6,12300
2009-11-09,16.0,16.0,14.64,15.04,15.04,1600
2009-11-10,15.2,16.16,15.2,15.52,15.52,3800
2009-11-11,15.28,15.68,15.28,15.52,15.52,3600
2009-11-12,15.6,15.6,14.8,15.6,15.6,5900
2009-11-13,15.28,15.36,14.24,14.4,14.4,11600
2009-11-16,14.72,15.68,14.72,15.12,15.12,9300
2009-11-17,15.28,15.28,14.4,14.96,14.96,23800
2009-11-18,15.2,15.2,14.8,14.8,14.8,2700
2009-11-19,15.04,15.2,14.08,14.32,14.32,8300
2009-11-20,14.56,14.56,13.68,13.84,13.84,8100
2009-11-23,14.32,14.32,13.52,13.6,13.6,6800
2009-11-24,14.0,14.0,11.76,12.0,12.0,26700
2009-11-25,12.0,12.64,11.84,12.4,12.4,68800
2009-11-27,12.16,15.6,12.0,15.04,15.04,32900
2009-11-30,15.2,15.68,14.4,15.04,15.04,12400
2009-12-01,15.04,17.280001000000002,14.48,16.799999,16.799999,15700
2009-12-02,16.799999,17.200001,15.36,16.32,16.32,8100
2009-12-03,16.32,17.6,16.08,16.879998999999998,16.879998999999998,11200
2009-12-04,16.879998999999998,17.6,15.2,16.08,16.08,20200
2009-12-07,16.0,16.08,15.84,15.84,15.84,800
2009-12-08,16.08,16.4,15.84,16.08,16.08,1700
2009-12-09,16.32,16.32,15.68,15.68,15.68,5000
2009-12-10,15.28,15.76,15.2,15.6,15.6,7100
2009-12-11,15.92,15.92,15.44,15.68,15.68,1700
2009-12-14,15.44,16.0,15.12,15.52,15.52,1500
2009-12-15,15.2,15.84,15.2,15.2,15.2,2100
2009-12-16,15.04,16.0,14.56,15.2,15.2,4800
2009-12-17,14.8,15.04,14.32,14.96,14.96,5700
2009-12-18,14.48,14.88,14.4,14.56,14.56,3700
2009-12-21,14.88,14.88,14.8,14.88,14.88,1800
2009-12-22,14.88,15.2,14.48,15.2,15.2,2700
2009-12-23,14.88,15.76,14.72,15.2,15.2,2700
2009-12-24,15.84,15.84,14.8,15.28,15.28,2100
2009-12-28,15.6,15.84,14.8,15.52,15.52,1700
2009-12-29,15.44,16.16,14.88,16.0,16.0,12000
2009-12-30,16.08,16.4,14.88,15.68,15.68,6400
2009-12-31,16.08,16.799999,15.28,16.4,16.4,10800
2010-01-04,17.280001000000002,23.68,17.120001000000002,23.120001000000002,23.120001000000002,84200
2010-01-05,23.52,26.0,20.639999,22.559998999999998,22.559998999999998,37100
2010-01-06,23.76,23.76,21.68,22.32,22.32,11300
2010-01-07,23.52,23.52,21.68,22.08,22.08,4700
2010-01-08,22.08,22.48,21.76,22.4,22.4,9400
2010-01-11,22.559998999999998,23.52,21.68,22.32,22.32,8400
2010-01-12,22.24,22.24,21.200001,21.52,21.52,5800
2010-01-13,21.200001,22.16,19.84,20.24,20.24,5800
2010-01-14,20.4,20.4,19.84,20.32,20.32,5300
2010-01-15,20.639999,20.639999,18.959999,19.68,19.68,9400
2010-01-19,19.360001,20.559998999999998,18.959999,20.4,20.4,6100
2010-01-20,20.16,20.559998999999998,18.959999,20.48,20.48,3100
2010-01-21,20.16,20.4,19.6,19.76,19.76,2100
2010-01-22,19.440001000000002,19.84,19.120001000000002,19.200001,19.200001,6700
2010-01-25,18.959999,19.6,18.959999,19.52,19.52,3400
2010-01-26,19.200001,19.200001,18.799999,18.959999,18.959999,2900
2010-01-27,18.719998999999998,19.360001,18.32,18.799999,18.799999,4400
2010-01-28,18.4,18.4,17.440001000000002,17.68,17.68,12500
2010-01-29,17.76,18.0,17.6,17.76,17.76,2800
2010-02-01,17.92,19.040001,17.92,18.959999,18.959999,1800
2010-02-02,18.559998999999998,19.52,16.799999,18.639999,18.639999,8000
2010-02-03,18.639999,18.799999,18.4,18.4,18.4,1800
2010-02-04,18.16,18.16,17.440001000000002,17.440001000000002,17.440001000000002,6100
2010-02-05,17.6,17.6,16.639999,17.280001000000002,17.280001000000002,4200
2010-02-08,19.6,19.6,17.040001,17.6,17.6,5600
2010-02-09,17.52,18.08,16.799999,17.76,17.76,10400
2010-02-10,18.719998999999998,18.719998999999998,16.799999,17.200001,17.200001,2600
2010-02-11,16.799999,17.040001,15.92,16.799999,16.799999,8400
2010-02-12,16.16,17.120001000000002,16.08,17.040001,17.040001,5400
2010-02-16,17.120001000000002,17.120001000000002,16.4,17.040001,17.040001,2900
2010-02-17,16.799999,17.360001,16.24,16.24,16.24,8200
2010-02-18,16.4,17.200001,16.0,16.559998999999998,16.559998999999998,6800
2010-02-19,17.040001,17.6,16.4,17.200001,17.200001,4100
2010-02-22,17.6,17.6,16.16,16.799999,16.799999,3700
2010-02-23,17.200001,17.6,16.959999,17.040001,17.040001,7900
2010-02-24,17.200001,17.84,17.200001,17.360001,17.360001,1900
2010-02-25,18.0,18.0,16.559998999999998,16.799999,16.799999,4600
2010-02-26,18.0,18.4,17.360001,18.4,18.4,5700
2010-03-01,18.879998999999998,19.440001000000002,18.4,18.559998999999998,18.559998999999998,4700
2010-03-02,18.48,18.719998999999998,18.08,18.4,18.4,1400
2010-03-03,18.48,18.48,17.6,17.84,17.84,2400
2010-03-04,17.92,18.32,17.76,17.76,17.76,3200
2010-03-05,17.92,18.799999,17.84,18.16,18.16,1800
2010-03-08,17.92,18.879998999999998,17.6,18.32,18.32,3400
2010-03-09,18.639999,18.639999,17.280001000000002,17.76,17.76,3300
2010-03-10,17.52,18.24,17.360001,17.84,17.84,2400
2010-03-11,18.16,18.24,16.0,16.639999,16.639999,35700
2010-03-12,16.639999,16.959999,16.4,16.4,16.4,3200
2010-03-15,16.4,17.6,16.0,16.639999,16.639999,7700
2010-03-16,16.799999,16.799999,16.24,16.639999,16.639999,5400
2010-03-17,16.639999,16.799999,16.639999,16.799999,16.799999,4300
2010-03-18,16.48,16.799999,16.48,16.639999,16.639999,1800
2010-03-19,17.200001,17.200001,16.08,17.200001,17.200001,6800
2010-03-22,17.280001000000002,17.6,16.799999,17.360001,17.360001,4100
2010-03-23,17.6,17.6,14.56,14.56,14.56,97200
2010-03-24,15.2,15.36,14.8,14.88,14.88,14200
2010-03-25,15.04,15.04,14.56,14.56,14.56,8600
2010-03-26,14.48,14.96,14.48,14.96,14.96,5900
2010-03-29,15.36,15.36,14.32,14.32,14.32,10000
2010-03-30,14.4,14.72,14.4,14.48,14.48,6300
2010-03-31,14.48,14.8,14.4,14.8,14.8,3500
2010-04-01,14.8,14.8,14.16,14.64,14.64,4100
2010-04-05,14.4,14.72,14.24,14.32,14.32,5000
2010-04-06,14.24,14.72,14.24,14.48,14.48,6800
2010-04-07,14.4,14.56,14.16,14.32,14.32,4800
2010-04-08,14.24,14.56,14.0,14.16,14.16,4700
2010-04-09,13.92,14.56,13.84,14.32,14.32,4800
2010-04-12,14.08,14.56,14.0,14.08,14.08,7800
2010-04-13,14.0,14.08,13.52,13.92,13.92,17000
2010-04-14,14.16,14.64,14.0,14.32,14.32,4600
2010-04-15,14.56,14.56,14.0,14.4,14.4,1700
2010-04-16,14.08,14.32,14.0,14.16,14.16,10000
2010-04-19,14.4,14.4,14.0,14.08,14.08,4800
2010-04-20,14.08,14.88,14.0,14.88,14.88,5500
2010-04-21,15.12,15.2,14.4,14.56,14.56,4800
2010-04-22,16.799999,17.6,15.2,16.799999,16.799999,71400
2010-04-23,17.120001000000002,17.120001000000002,15.6,16.0,16.0,17000
2010-04-26,16.08,16.799999,15.2,15.52,15.52,8100
2010-04-27,15.6,16.0,15.28,15.52,15.52,6700
2010-04-28,15.52,16.0,15.52,15.76,15.76,3300
2010-04-29,15.52,16.959999,15.52,16.959999,16.959999,18800
2010-04-30,16.799999,16.799999,15.92,16.24,16.24,4100
2010-05-03,16.16,17.280001000000002,15.68,16.719998999999998,16.719998999999998,5500
2010-05-04,16.799999,16.799999,16.24,16.48,16.48,4800
2010-05-05,16.4,16.719998999999998,15.92,16.32,16.32,6300
2010-05-06,15.84,19.76,15.04,15.6,15.6,36900
2010-05-07,16.0,17.200001,16.0,16.799999,16.799999,21100
2010-05-10,16.959999,18.0,16.959999,17.52,17.52,11300
2010-05-11,17.440001000000002,17.84,17.360001,17.76,17.76,11300
2010-05-12,17.52,18.799999,17.52,18.4,18.4,15300
2010-05-13,18.719998999999998,18.719998999999998,17.440001000000002,17.76,17.76,8300
2010-05-14,17.76,18.48,17.280001000000002,18.24,18.24,3600
2010-05-17,18.799999,18.799999,17.92,18.48,18.48,8200
2010-05-18,18.48,18.719998999999998,17.360001,17.6,17.6,7400
2010-05-19,17.360001,17.6,17.200001,17.200001,17.200001,2900
2010-05-20,17.200001,18.24,16.48,16.719998999999998,16.719998999999998,4100
2010-05-21,16.719998999999998,17.040001,16.16,16.799999,16.799999,2500
2010-05-24,16.799999,17.280001000000002,16.799999,17.120001000000002,17.120001000000002,2900
2010-05-25,17.120001000000002,17.120001000000002,16.4,17.040001,17.040001,3700
2010-05-26,17.120001000000002,17.440001000000002,16.08,16.32,16.32,4400
2010-05-27,16.48,17.360001,16.48,16.959999,16.959999,7900
2010-05-28,17.200001,17.6,17.040001,17.6,17.6,4000
2010-06-01,17.92,17.92,16.4,17.52,17.52,2800
2010-06-02,16.879998999999998,17.52,16.879998999999998,17.200001,17.200001,1600
2010-06-03,16.879998999999998,17.68,16.879998999999998,17.68,17.68,1400
2010-06-04,16.799999,17.6,16.799999,17.200001,17.200001,2600
2010-06-07,16.959999,17.280001000000002,16.799999,16.799999,16.799999,3100
2010-06-08,16.799999,16.959999,16.16,16.32,16.32,2400
2010-06-09,16.4,16.719998999999998,16.0,16.4,16.4,2300
2010-06-10,16.32,17.200001,16.32,17.120001000000002,17.120001000000002,3000
2010-06-11,16.719998999999998,17.84,16.719998999999998,17.68,17.68,2400
2010-06-14,18.16,18.16,17.440001000000002,17.76,17.76,4300
2010-06-15,17.68,18.0,17.6,17.6,17.6,1900
2010-06-16,17.6,17.84,17.040001,17.280001000000002,17.280001000000002,3100
2010-06-17,17.200001,17.6,17.120001000000002,17.440001000000002,17.440001000000002,1900
2010-06-18,17.440001000000002,17.440001000000002,16.799999,16.799999,16.799999,2400
2010-06-21,16.799999,18.24,16.799999,17.6,17.6,7900
2010-06-22,17.360001,17.360001,16.799999,17.120001000000002,17.120001000000002,3500
2010-06-23,17.360001,17.6,16.719998999999998,17.040001,17.040001,4200
2010-06-24,16.719998999999998,17.120001000000002,16.719998999999998,16.879998999999998,16.879998999999998,4400
2010-06-25,16.799999,18.719998999999998,16.799999,16.879998999999998,16.879998999999998,12900
2010-06-28,17.200001,17.6,17.120001000000002,17.360001,17.360001,1900
2010-06-29,17.040001,18.32,16.879998999999998,18.08,18.08,2900
2010-06-30,18.32,18.32,16.959999,16.959999,16.959999,1800
2010-07-01,16.879998999999998,17.360001,16.32,16.799999,16.799999,5200
2010-07-02,16.959999,16.959999,16.4,16.719998999999998,16.719998999999998,1900
2010-07-06,16.719998999999998,16.719998999999998,16.32,16.48,16.48,500
2010-07-07,16.0,16.719998999999998,15.92,16.16,16.16,8300
2010-07-08,16.16,16.559998999999998,16.16,16.559998999999998,16.559998999999998,3400
2010-07-09,16.32,16.32,15.6,15.84,15.84,6800
2010-07-12,16.16,16.16,15.52,15.52,15.52,6100
2010-07-13,15.44,16.48,15.44,16.48,16.48,3500
2010-07-14,16.32,16.48,16.0,16.48,16.48,1100
2010-07-15,16.559998999999998,16.559998999999998,15.92,15.92,15.92,1800
2010-07-16,16.0,16.32,15.84,15.92,15.92,900
2010-07-19,15.92,16.16,15.36,15.68,15.68,3000
2010-07-20,15.76,15.76,15.28,15.36,15.36,1100
2010-07-21,15.84,16.0,15.44,15.44,15.44,1300
2010-07-22,15.44,16.0,15.44,15.84,15.84,800
2010-07-23,15.92,16.08,15.2,16.08,16.08,2600
2010-07-26,15.68,15.68,15.2,15.2,15.2,4800
2010-07-27,15.68,15.84,15.44,15.84,15.84,1800
2010-07-28,15.76,16.0,15.52,15.6,15.6,1300
2010-07-29,15.76,16.32,15.68,15.76,15.76,4800
2010-07-30,15.84,15.84,15.36,15.36,15.36,2700
2010-08-02,15.36,15.92,15.36,15.68,15.68,2900
2010-08-03,15.68,15.68,15.68,15.68,15.68,0
2010-08-04,16.639999,16.639999,15.52,15.52,15.52,1200
2010-08-05,15.52,16.0,15.44,15.92,15.92,3900
2010-08-06,15.68,15.84,15.52,15.6,15.6,2400
2010-08-09,16.0,16.0,15.52,15.6,15.6,1700
2010-08-10,15.76,15.76,15.2,15.2,15.2,2700
2010-08-11,15.04,15.6,15.04,15.04,15.04,2400
2010-08-12,15.04,15.6,14.8,14.8,14.8,2800
2010-08-13,14.96,15.36,14.96,15.2,15.2,1800
2010-08-16,15.12,15.2,14.4,14.4,14.4,10400
2010-08-17,14.32,14.8,14.08,14.24,14.24,8300
2010-08-18,14.08,14.4,13.6,14.16,14.16,1800
2010-08-19,13.76,14.4,13.68,13.76,13.76,42600
2010-08-20,13.92,14.48,13.92,14.24,14.24,3500
2010-08-23,14.24,14.64,14.24,14.4,14.4,5600
2010-08-24,13.84,14.4,13.84,14.24,14.24,1300
2010-08-25,14.0,14.4,13.92,14.32,14.32,2900
2010-08-26,14.8,14.8,14.0,14.08,14.08,10100
2010-08-27,14.8,14.8,14.0,14.32,14.32,2700
2010-08-30,14.08,14.4,13.92,14.24,14.24,1500
2010-08-31,14.4,14.4,13.92,13.92,13.92,700
2010-09-01,14.4,14.4,13.92,13.92,13.92,2400
2010-09-02,14.0,14.32,13.68,13.76,13.76,2200
2010-09-03,14.24,14.24,12.08,13.52,13.52,11800
2010-09-07,13.44,13.44,13.2,13.36,13.36,2400
2010-09-08,13.44,13.6,13.04,13.52,13.52,14300
2010-09-09,13.6,13.68,13.2,13.28,13.28,6500
2010-09-10,13.6,13.6,13.44,13.6,13.6,8100
2010-09-13,13.44,13.92,13.2,13.52,13.52,5100
2010-09-14,13.44,13.52,13.36,13.44,13.44,600
2010-09-15,13.44,13.6,13.36,13.44,13.44,2100
2010-09-16,13.44,13.6,13.44,13.6,13.6,900
2010-09-17,13.76,13.76,13.2,13.2,13.2,5000
2010-09-20,13.2,13.6,13.2,13.36,13.36,5500
2010-09-21,13.44,13.44,13.2,13.44,13.44,2500
2010-09-22,13.6,13.76,13.44,13.6,13.6,1200
2010-09-23,13.28,13.36,13.04,13.12,13.12,7400
2010-09-24,13.28,13.6,12.8,13.6,13.6,6300
2010-09-27,13.52,14.88,13.04,13.36,13.36,10500
2010-09-28,13.44,13.6,13.44,13.6,13.6,3600
2010-09-29,13.6,14.56,13.44,14.56,14.56,10200
2010-09-30,14.96,15.68,14.56,15.36,15.36,36000
2010-10-01,15.52,15.84,15.04,15.36,15.36,9400
2010-10-04,15.6,15.76,15.04,15.68,15.68,6700
2010-10-05,16.0,17.200001,16.0,17.040001,17.040001,28800
2010-10-06,17.200001,17.52,16.799999,17.52,17.52,10300
2010-10-07,17.6,18.32,16.879998999999998,17.280001000000002,17.280001000000002,10500
2010-10-08,16.799999,18.08,16.799999,17.76,17.76,16300
2010-10-11,18.4,18.4,17.68,17.92,17.92,5200
2010-10-12,18.16,18.24,17.84,17.84,17.84,2200
2010-10-13,17.84,18.0,17.040001,17.200001,17.200001,5800
2010-10-14,16.959999,17.040001,16.48,16.719998999999998,16.719998999999998,6900
2010-10-15,16.48,17.68,16.48,16.799999,16.799999,2500
2010-10-18,17.040001,17.280001000000002,16.4,16.719998999999998,16.719998999999998,2100
2010-10-19,16.4,16.4,15.12,15.2,15.2,17000
2010-10-20,15.44,15.76,15.2,15.28,15.28,11500
2010-10-21,15.36,15.84,15.28,15.28,15.28,4800
2010-10-22,15.36,15.6,15.04,15.2,15.2,5200
2010-10-25,14.96,15.36,14.96,15.2,15.2,4900
2010-10-26,15.44,15.44,14.64,14.96,14.96,6300
2010-10-27,14.8,15.84,14.64,15.76,15.76,20600
2010-10-28,15.52,16.4,15.52,16.32,16.32,34000
2010-10-29,16.559998999999998,17.200001,14.88,14.88,14.88,27500
2010-11-01,14.96,14.96,14.16,14.4,14.4,11400
2010-11-02,14.4,14.56,14.08,14.24,14.24,2000
2010-11-03,14.32,14.72,13.68,13.76,13.76,7400
2010-11-04,13.92,14.0,13.44,13.6,13.6,11900
2010-11-05,13.6,13.84,12.96,13.76,13.76,24100
2010-11-08,13.84,14.08,13.44,13.6,13.6,14400
2010-11-09,13.84,13.84,13.2,13.6,13.6,4200
2010-11-10,13.6,14.16,13.6,14.08,14.08,2800
2010-11-11,13.44,13.44,12.64,13.2,13.2,21800
2010-11-12,13.36,13.36,12.64,12.8,12.8,12000
2010-11-15,13.04,13.2,12.8,13.12,13.12,11000
2010-11-16,12.8,13.2,12.8,13.04,13.04,4900
2010-11-17,12.8,12.96,12.56,12.72,12.72,10900
2010-11-18,12.72,12.72,12.4,12.4,12.4,1400
2010-11-19,12.64,12.8,12.32,12.72,12.72,10000
2010-11-22,12.64,13.36,12.64,12.64,12.64,4900
2010-11-23,12.4,12.4,12.08,12.08,12.08,9300
2010-11-24,12.56,12.56,12.08,12.24,12.24,9100
2010-11-26,12.24,12.48,12.24,12.24,12.24,7100
2010-11-29,12.08,13.12,12.08,12.56,12.56,8800
2010-11-30,12.64,12.8,12.16,12.48,12.48,3500
2010-12-01,12.8,12.8,12.08,12.48,12.48,3400
2010-12-02,12.4,13.44,12.4,13.12,13.12,9500
2010-12-03,12.8,14.32,12.8,13.6,13.6,8100
2010-12-06,13.36,13.6,13.04,13.12,13.12,7500
2010-12-07,12.88,13.68,12.88,13.36,13.36,4200
2010-12-08,13.04,13.6,13.04,13.28,13.28,3800
2010-12-09,13.12,14.16,13.12,13.68,13.68,5400
2010-12-10,13.6,13.76,13.28,13.6,13.6,10300
2010-12-13,13.68,14.32,13.52,14.24,14.24,8800
2010-12-14,14.0,14.08,13.28,13.36,13.36,5900
2010-12-15,13.68,13.76,13.36,13.36,13.36,8700
2010-12-16,13.6,13.68,12.88,12.88,12.88,2900
2010-12-17,13.2,13.6,13.2,13.6,13.6,1700
2010-12-20,13.52,13.76,13.44,13.52,13.52,2100
2010-12-21,13.68,14.32,13.44,14.16,14.16,14000
2010-12-22,14.32,15.12,13.76,14.96,14.96,16200
2010-12-23,15.12,15.12,14.48,14.56,14.56,5100
2010-12-27,14.64,15.04,14.56,14.8,14.8,4100
2010-12-28,14.8,15.04,14.0,14.08,14.08,6100
2010-12-29,13.92,14.32,13.92,14.24,14.24,3600
2010-12-30,14.4,14.4,14.0,14.0,14.0,2800
2010-12-31,14.4,14.4,14.0,14.0,14.0,1600
2011-01-03,14.24,14.8,13.68,14.32,14.32,6600
2011-01-04,14.4,14.8,14.32,14.48,14.48,2300
2011-01-05,14.64,15.04,14.64,14.96,14.96,4100
2011-01-06,14.72,14.8,14.4,14.48,14.48,1500
2011-01-07,14.32,15.36,14.32,15.12,15.12,7700
2011-01-10,15.12,15.44,14.56,14.96,14.96,6700
2011-01-11,14.88,15.12,13.2,13.2,13.2,37200
2011-01-12,13.2,13.52,12.96,13.28,13.28,22000
2011-01-13,13.28,13.44,12.8,13.44,13.44,8500
2011-01-14,13.2,13.36,13.04,13.36,13.36,4100
2011-01-18,13.36,13.6,13.36,13.6,13.6,2600
2011-01-19,13.84,13.84,13.36,13.36,13.36,2900
2011-01-20,13.44,13.6,13.36,13.6,13.6,700
2011-01-21,13.52,13.76,13.36,13.76,13.76,3100
2011-01-24,13.44,13.68,13.28,13.52,13.52,5000
2011-01-25,13.36,13.52,13.36,13.52,13.52,3200
2011-01-26,13.44,13.44,12.96,13.2,13.2,12500
2011-01-27,13.04,13.44,13.04,13.04,13.04,7100
2011-01-28,13.04,13.12,13.04,13.12,13.12,3800
2011-01-31,13.12,13.52,12.8,12.88,12.88,21300
2011-02-01,12.88,13.2,12.8,12.88,12.88,4600
2011-02-02,12.88,13.04,12.8,12.88,12.88,2400
2011-02-03,12.8,12.96,12.8,12.8,12.8,6800
2011-02-04,12.72,12.8,12.48,12.8,12.8,13300
2011-02-07,12.8,13.12,12.64,13.04,13.04,800
2011-02-08,12.88,13.2,12.72,12.88,12.88,2100
2011-02-09,12.88,13.2,12.56,12.8,12.8,8600
2011-02-10,12.8,13.76,12.8,13.76,13.76,5200
2011-02-11,13.76,13.92,13.6,13.84,13.84,2600
2011-02-14,14.0,14.0,13.6,13.68,13.68,1500
2011-02-15,13.6,13.6,13.12,13.2,13.2,4300
2011-02-16,13.6,13.6,13.2,13.52,13.52,1300
2011-02-17,13.6,14.0,13.44,13.6,13.6,8600
2011-02-18,13.68,13.84,13.68,13.68,13.68,3600
2011-02-22,13.6,14.0,13.6,13.6,13.6,3900
2011-02-23,13.6,13.84,12.96,13.6,13.6,6700
2011-02-24,13.36,14.0,13.2,13.84,13.84,4500
2011-02-25,13.68,14.4,13.44,13.44,13.44,5000
2011-02-28,13.52,13.84,13.44,13.84,13.84,600
2011-03-01,13.76,13.92,13.44,13.6,13.6,600
2011-03-02,13.44,13.92,13.04,13.92,13.92,2100
2011-03-03,13.84,13.84,13.44,13.52,13.52,1000
2011-03-04,13.52,13.76,13.2,13.2,13.2,3200
2011-03-07,13.12,13.44,12.96,12.96,12.96,2600
2011-03-08,12.96,13.12,11.84,12.88,12.88,13100
2011-03-09,12.8,12.8,12.4,12.72,12.72,1100
2011-03-10,12.72,13.2,11.92,12.8,12.8,6200
2011-03-11,12.48,12.8,12.16,12.4,12.4,3200
2011-03-14,12.0,12.4,11.92,12.16,12.16,6000
2011-03-15,11.68,12.08,10.08,11.68,11.68,9900
2011-03-16,11.68,11.92,11.12,11.92,11.92,3300
2011-03-17,11.92,11.92,11.36,11.68,11.68,6800
2011-03-18,11.68,12.0,11.04,12.0,12.0,4400
2011-03-21,12.0,12.56,11.84,12.0,12.0,10300
2011-03-22,12.24,12.56,11.12,11.2,11.2,6400
2011-03-23,11.2,11.44,10.88,11.28,11.28,9000
2011-03-24,11.2,11.2,10.0,10.4,10.4,39100
2011-03-25,10.4,11.04,10.4,10.8,10.8,6400
2011-03-28,10.88,11.28,10.4,11.28,11.28,6500
2011-03-29,11.36,11.6,11.2,11.36,11.36,2300
2011-03-30,10.48,11.76,10.4,11.2,11.2,6500
2011-03-31,10.16,10.96,9.6,10.4,10.4,32900
2011-04-01,10.48,10.8,10.16,10.8,10.8,2700
2011-04-04,10.96,11.6,10.8,10.8,10.8,3000
2011-04-05,11.12,11.12,10.8,10.8,10.8,1300
2011-04-06,11.04,11.12,10.88,10.88,10.88,500
2011-04-07,11.04,11.28,10.8,10.88,10.88,4700
2011-04-08,10.96,11.2,10.88,11.2,11.2,700
2011-04-11,11.12,11.2,10.88,10.96,10.96,1400
2011-04-12,11.12,11.2,10.8,10.88,10.88,4200
2011-04-13,10.88,11.2,10.8,11.2,11.2,8600
2011-04-14,11.28,11.28,11.04,11.04,11.04,900
2011-04-15,11.04,11.2,10.8,10.96,10.96,8000
2011-04-18,10.96,10.96,10.72,10.72,10.72,2300
2011-04-19,10.8,11.2,10.8,10.96,10.96,1400
2011-04-20,11.28,11.44,10.88,10.96,10.96,2500
2011-04-21,10.88,11.28,10.8,10.8,10.8,14200
2011-04-25,10.72,11.28,10.72,11.28,11.28,38000
2011-04-26,11.2,11.36,10.64,10.8,10.8,5100
2011-04-27,10.88,11.2,10.88,11.12,11.12,5000
2011-04-28,10.88,11.04,10.4,11.04,11.04,1400
2011-04-29,10.8,10.96,10.4,10.96,10.96,3200
2011-05-02,10.96,11.6,10.8,11.04,11.04,10500
2011-05-03,10.96,11.2,10.72,11.04,11.04,4900
2011-05-04,11.2,11.2,10.56,10.88,10.88,1300
2011-05-05,10.64,10.96,10.4,10.8,10.8,2600
2011-05-06,10.8,11.2,10.4,11.04,11.04,500
2011-05-09,11.04,11.2,10.88,10.96,10.96,3000
2011-05-10,11.12,11.36,10.48,10.72,10.72,6400
2011-05-11,8.4,9.28,8.0,8.8,8.8,109700
2011-05-12,8.64,9.04,8.48,8.88,8.88,12800
2011-05-13,8.72,9.6,8.72,9.28,9.28,30100
2011-05-16,9.12,9.68,9.12,9.6,9.6,8600
2011-05-17,9.52,9.6,9.2,9.6,9.6,4000
2011-05-18,9.2,9.6,9.2,9.36,9.36,6400
2011-05-19,9.52,9.52,9.28,9.28,9.28,700
2011-05-20,9.36,9.52,9.2,9.2,9.2,1600
2011-05-23,9.2,9.2,8.4,8.56,8.56,6900
2011-05-24,8.56,9.36,8.0,9.04,9.04,19800
2011-05-25,9.6,9.6,8.88,9.2,9.2,6300
2011-05-26,9.12,9.44,8.96,9.36,9.36,100
2011-05-27,9.36,9.36,8.56,9.36,9.36,600
2011-05-31,9.36,9.92,8.88,9.68,9.68,9200
2011-06-01,9.92,10.32,9.6,9.92,9.92,4000
2011-06-02,9.76,9.76,9.36,9.6,9.6,3000
2011-06-03,10.32,10.32,9.44,9.52,9.52,4600
2011-06-06,9.52,9.52,8.72,8.8,8.8,5700
2011-06-07,8.64,8.8,8.48,8.48,8.48,1500
2011-06-08,8.4,8.96,8.0,8.24,8.24,14800
2011-06-09,8.08,8.08,7.76,8.08,8.08,57500
2011-06-10,8.64,9.12,8.08,8.32,8.32,30600
2011-06-13,8.32,8.32,7.52,7.52,7.52,8000
2011-06-14,7.92,8.4,7.68,8.4,8.4,3100
2011-06-15,8.32,8.96,8.32,8.8,8.8,4800
2011-06-16,8.64,8.64,8.32,8.4,8.4,4500
2011-06-17,8.24,8.96,8.0,8.96,8.96,4700
2011-06-20,8.72,9.04,8.24,8.88,8.88,5500
2011-06-21,8.8,9.12,8.16,8.8,8.8,1100
2011-06-22,8.64,8.96,8.56,8.8,8.8,1400
2011-06-23,8.4,9.12,8.24,8.8,8.8,1000
2011-06-24,8.64,9.36,8.48,8.64,8.64,24400
2011-06-27,8.64,9.2,8.64,8.96,8.96,2100
2011-06-28,8.88,9.04,8.8,9.04,9.04,1300
2011-06-29,9.04,9.28,8.8,8.88,8.88,500
2011-06-30,8.32,9.36,8.32,9.28,9.28,3000
2011-07-01,9.2,9.6,8.96,9.2,9.2,12400
2011-07-05,8.96,9.28,8.8,9.2,9.2,5000
2011-07-06,9.04,9.44,9.04,9.44,9.44,900
2011-07-07,9.52,9.52,9.36,9.36,9.36,3300
2011-07-08,9.36,9.6,9.28,9.6,9.6,700
2011-07-11,9.36,10.0,9.04,9.6,9.6,1800
2011-07-12,9.44,9.52,8.88,9.2,9.2,1900
2011-07-13,9.12,9.36,8.72,9.04,9.04,3600
2011-07-14,9.28,9.28,8.4,8.56,8.56,400
2011-07-15,8.72,9.12,8.24,9.12,9.12,1000
2011-07-18,8.88,9.2,8.4,8.96,8.96,3200
2011-07-19,8.96,9.2,8.24,8.96,8.96,2700
2011-07-20,9.04,9.2,8.48,8.72,8.72,3200
2011-07-21,8.4,9.2,8.0,8.4,8.4,4200
2011-07-22,8.48,8.72,8.48,8.64,8.64,800
2011-07-25,8.4,8.4,8.0,8.08,8.08,7700
2011-07-26,8.08,8.48,7.84,7.84,7.84,800
2011-07-27,8.08,8.4,7.68,8.16,8.16,4500
2011-07-28,8.4,8.4,7.68,8.16,8.16,4600
2011-07-29,8.08,8.08,7.76,7.76,7.76,2900
2011-08-01,8.0,8.0,7.44,7.52,7.52,600
2011-08-02,7.44,7.84,7.44,7.68,7.68,0
2011-08-03,7.68,7.68,7.36,7.44,7.44,300
2011-08-04,7.44,7.6,6.96,6.96,6.96,2300
2011-08-05,6.88,8.0,6.72,7.28,7.28,4100
2011-08-08,6.48,7.68,5.6,5.76,5.76,3300
2011-08-09,5.76,6.16,5.28,5.28,5.28,1200
2011-08-10,5.28,6.64,5.28,6.32,6.32,3300
2011-08-11,6.32,7.6,5.6,6.0,6.0,7400
2011-08-12,6.56,8.96,5.52,7.2,7.2,46300
2011-08-15,7.12,7.44,6.48,6.64,6.64,2400
2011-08-16,6.48,7.44,6.0,6.96,6.96,1800
2011-08-17,7.2,7.44,6.32,7.44,7.44,7100
2011-08-18,6.72,7.36,6.32,6.48,6.48,100
2011-08-19,6.88,6.88,6.88,6.88,6.88,0
2011-08-22,6.8,7.36,6.08,6.8,6.8,2600
2011-08-23,6.32,8.72,5.44,7.6,7.6,5800
2011-08-24,7.92,8.0,6.96,7.68,7.68,3300
2011-08-25,8.24,8.4,6.4,6.72,6.72,2300
2011-08-26,7.04,7.04,6.08,6.8,6.8,2900
2011-08-29,6.72,6.8,6.32,6.64,6.64,600
2011-08-30,7.04,7.2,6.72,7.12,7.12,2200
2011-08-31,7.12,7.6,6.72,7.12,7.12,3300
2011-09-01,7.12,7.44,7.12,7.36,7.36,700
2011-09-02,7.36,7.6,6.4,6.88,6.88,3200
2011-09-06,6.4,7.12,6.4,7.12,7.12,900
2011-09-07,7.92,8.0,6.88,8.0,8.0,9800
2011-09-08,7.76,8.0,7.2,7.52,7.52,3200
2011-09-09,7.12,7.6,6.88,7.6,7.6,1300
2011-09-12,7.2,7.6,7.12,7.36,7.36,3800
2011-09-13,7.36,7.36,7.36,7.36,7.36,0
2011-09-14,7.6,7.6,7.28,7.6,7.6,2800
2011-09-15,7.6,7.6,7.2,7.2,7.2,100
2011-09-16,7.28,7.6,7.28,7.6,7.6,1300
2011-09-19,7.2,7.52,6.88,7.52,7.52,800
2011-09-20,6.96,7.36,6.88,7.28,7.28,4000
2011-09-21,6.96,6.96,6.88,6.96,6.96,700
2011-09-22,6.88,7.36,6.88,6.88,6.88,2400
2011-09-23,6.8,7.2,6.8,7.2,7.2,400
2011-09-26,7.36,7.36,6.4,6.88,6.88,1100
2011-09-27,7.12,7.28,6.56,7.12,7.12,2200
2011-09-28,7.12,7.28,7.12,7.12,7.12,900
2011-09-29,7.12,7.12,7.12,7.12,7.12,2600
2011-09-30,6.8,7.12,6.16,6.16,6.16,2400
2011-10-03,6.0,6.24,5.44,5.44,5.44,21400
2011-10-04,5.6,6.16,5.6,6.0,6.0,18000
2011-10-05,6.0,6.08,6.0,6.0,6.0,2400
2011-10-06,5.76,6.24,5.44,6.16,6.16,1900
2011-10-07,6.24,7.12,6.24,6.56,6.56,900
2011-10-10,6.48,7.12,6.0,6.56,6.56,4600
2011-10-11,7.04,7.36,7.04,7.04,7.04,7500
2011-10-12,6.48,6.96,6.4,6.96,6.96,2300
2011-10-13,6.4,6.48,6.4,6.4,6.4,200
2011-10-14,6.64,6.96,6.4,6.4,6.4,2000
2011-10-17,6.4,7.12,6.4,6.72,6.72,900
2011-10-18,6.16,6.88,6.16,6.72,6.72,700
2011-10-19,6.64,7.12,6.64,7.12,7.12,3300
2011-10-20,6.8,7.12,6.8,7.12,7.12,200
2011-10-21,6.88,6.96,6.48,6.88,6.88,800
2011-10-24,7.2,7.2,6.4,6.96,6.96,1000
2011-10-25,7.2,7.52,7.2,7.2,7.2,2000
2011-10-26,7.2,7.28,7.2,7.28,7.28,2600
2011-10-27,7.52,7.52,6.56,6.56,6.56,6600
2011-10-28,6.72,7.04,6.72,7.04,7.04,1500
2011-10-31,7.04,7.04,6.56,6.96,6.96,100
2011-11-01,7.04,7.52,7.04,7.52,7.52,5200
2011-11-02,7.6,7.6,6.96,6.96,6.96,400
2011-11-03,6.88,7.52,6.32,6.32,6.32,1000
2011-11-04,7.2,7.28,7.2,7.2,7.2,100
2011-11-07,7.6,7.6,6.48,6.88,6.88,800
2011-11-08,7.2,7.2,6.48,6.48,6.48,500
2011-11-09,6.48,7.2,6.32,6.72,6.72,800
2011-11-10,7.12,7.12,6.24,6.32,6.32,400
2011-11-11,6.32,6.8,6.24,6.72,6.72,500
2011-11-14,6.48,6.8,6.0,6.0,6.0,700
2011-11-15,6.8,6.8,6.0,6.0,6.0,1700
2011-11-16,6.16,6.64,6.16,6.64,6.64,100
2011-11-17,6.56,6.56,6.0,6.32,6.32,1300
2011-11-18,6.0,6.0,5.6,5.6,5.6,1800
2011-11-21,5.76,6.0,5.76,5.76,5.76,200
2011-11-22,5.76,5.76,5.44,5.44,5.44,1200
2011-11-23,5.44,6.08,5.44,5.6,5.6,2200
2011-11-25,6.16,6.24,6.08,6.08,6.08,100
2011-11-28,5.52,6.16,5.52,5.68,5.68,900
2011-11-29,5.84,6.16,5.76,5.76,5.76,3700
2011-11-30,5.52,6.0,5.44,5.84,5.84,1300
2011-12-01,6.0,7.76,5.28,5.36,5.36,10600
2011-12-02,5.92,6.0,5.44,6.0,6.0,7500
2011-12-05,6.96,6.96,5.52,5.76,5.76,500
2011-12-06,6.4,6.96,5.6,5.92,5.92,4300
2011-12-07,6.32,6.32,5.6,6.08,6.08,700
2011-12-08,6.08,6.08,6.08,6.08,6.08,0
2011-12-09,6.0,6.08,5.6,6.08,6.08,2800
2011-12-12,5.76,5.92,5.76,5.76,5.76,900
2011-12-13,5.92,5.92,5.6,5.92,5.92,500
2011-12-14,5.36,5.76,5.36,5.36,5.36,300
2011-12-15,5.36,5.92,5.28,5.6,5.6,3000
2011-12-16,5.92,5.92,5.2,5.68,5.68,500
2011-12-19,5.68,5.92,5.12,5.6,5.6,2500
2011-12-20,5.44,6.08,5.28,5.76,5.76,4200
2011-12-21,5.6,5.76,4.8,5.04,5.04,2400
2011-12-22,5.52,5.68,5.2,5.28,5.28,1900
2011-12-23,5.2,5.68,4.8,5.36,5.36,1800
2011-12-27,5.12,5.6,4.8,4.88,4.88,1500
2011-12-28,5.28,5.36,4.4,4.88,4.88,1000
2011-12-29,4.56,5.2,4.56,5.04,5.04,4500
2011-12-30,4.88,5.04,4.64,4.8,4.8,1600
2012-01-03,4.72,5.36,4.72,5.12,5.12,1400
2012-01-04,5.36,5.36,4.8,4.8,4.8,900
2012-01-05,4.8,5.2,4.8,5.12,5.12,2500
2012-01-06,5.28,5.6,4.96,4.96,4.96,1000
2012-01-09,5.28,5.6,5.28,5.36,5.36,300
2012-01-10,5.6,5.6,5.36,5.44,5.44,100
2012-01-11,5.6,5.6,5.6,5.6,5.6,100
2012-01-12,5.6,5.6,5.2,5.2,5.2,100
2012-01-13,5.2,5.44,4.8,4.8,4.8,2100
2012-01-17,5.2,5.2,4.96,4.96,4.96,3300
2012-01-18,5.12,5.28,5.12,5.28,5.28,900
2012-01-19,4.96,5.44,4.64,5.44,5.44,2100
2012-01-20,5.44,5.44,5.44,5.44,5.44,0
2012-01-23,5.36,5.44,5.28,5.44,5.44,700
2012-01-24,5.04,5.52,5.04,5.04,5.04,300
2012-01-25,5.12,5.44,5.12,5.12,5.12,200
2012-01-26,5.12,5.12,5.12,5.12,5.12,300
2012-01-27,5.12,5.44,4.8,4.8,4.8,3300
2012-01-30,5.2,5.2,4.64,4.64,4.64,500
2012-01-31,4.8,4.8,4.56,4.8,4.8,600
2012-02-01,5.12,5.2,4.56,4.72,4.72,800
2012-02-02,4.72,4.72,4.72,4.72,4.72,100
2012-02-03,4.72,5.12,4.56,4.8,4.8,1100
2012-02-06,4.72,5.04,4.64,4.8,4.8,600
2012-02-07,4.96,5.04,4.72,4.88,4.88,2100
2012-02-08,4.72,5.04,4.72,5.04,5.04,200
2012-02-09,4.8,4.8,4.72,4.72,4.72,200
2012-02-10,5.04,5.04,4.72,4.96,4.96,500
2012-02-13,5.12,5.12,4.96,4.96,4.96,100
2012-02-14,4.96,4.96,4.72,4.8,4.8,400
2012-02-15,4.88,4.88,4.88,4.88,4.88,0
2012-02-16,5.2,5.2,4.72,4.72,4.72,500
2012-02-17,4.88,5.2,4.72,4.72,4.72,2300
2012-02-21,4.8,4.8,4.56,4.56,4.56,400
2012-02-22,4.56,4.8,4.56,4.64,4.64,100
2012-02-23,4.56,5.12,4.32,5.12,5.12,2900
2012-02-24,5.2,5.2,5.04,5.04,5.04,1700
2012-02-27,5.04,5.04,5.04,5.04,5.04,0
2012-02-28,4.64,4.8,4.64,4.8,4.8,700
2012-02-29,5.12,5.12,4.56,5.12,5.12,200
2012-03-01,4.56,5.12,4.56,5.12,5.12,200
2012-03-02,4.48,5.12,4.4,4.88,4.88,2200
2012-03-05,4.48,4.48,4.4,4.4,4.4,100
2012-03-06,4.56,4.88,4.4,4.4,4.4,400
2012-03-07,4.8,4.8,4.8,4.8,4.8,1700
2012-03-08,4.8,4.8,4.8,4.8,4.8,0
2012-03-09,4.48,4.64,4.0,4.56,4.56,5000
2012-03-12,4.4,4.72,4.4,4.48,4.48,1600
2012-03-13,4.24,4.4,4.24,4.32,4.32,200
2012-03-14,4.32,4.48,4.16,4.48,4.48,2700
2012-03-15,4.24,4.56,3.92,4.56,4.56,1100
2012-03-16,4.32,4.32,4.08,4.32,4.32,400
2012-03-19,4.0,4.32,3.84,4.0,4.0,5000
2012-03-20,3.68,3.84,3.36,3.36,3.36,3700
2012-03-21,3.36,3.52,3.2,3.36,3.36,2700
2012-03-22,3.52,3.84,3.36,3.6,3.6,7200
2012-03-23,4.0,4.0,3.6,3.6,3.6,5900
2012-03-26,3.92,4.24,3.44,3.92,3.92,6500
2012-03-27,3.84,4.0,3.76,4.0,4.0,8300
2012-03-28,3.84,4.24,3.6,4.24,4.24,11000
2012-03-29,4.24,5.6,4.24,5.6,5.6,21600
2012-03-30,5.6,6.32,5.6,6.16,6.16,16500
2012-04-02,6.32,6.32,4.96,5.52,5.52,15200
2012-04-03,5.2,5.6,4.88,5.2,5.2,2300
2012-04-04,5.44,5.44,4.88,5.36,5.36,2500
2012-04-05,5.36,5.36,5.36,5.36,5.36,0
2012-04-09,5.52,5.68,4.8,4.88,4.88,6700
2012-04-10,5.92,6.0,5.2,5.2,5.2,9300
2012-04-11,5.6,5.6,4.96,5.2,5.2,6600
2012-04-12,5.2,5.6,5.2,5.6,5.6,1400
2012-04-13,5.6,5.84,5.52,5.6,5.6,2100
2012-04-16,5.6,5.76,5.6,5.68,5.68,200
2012-04-17,5.6,6.0,5.28,6.0,6.0,6300
2012-04-18,6.08,6.08,5.68,6.0,6.0,700
2012-04-19,6.0,6.0,6.0,6.0,6.0,700
2012-04-20,5.84,5.84,5.76,5.76,5.76,400
2012-04-23,5.76,5.76,5.76,5.76,5.76,100
2012-04-24,5.6,5.6,4.72,5.6,5.6,12300
2012-04-25,5.6,5.6,5.6,5.6,5.6,0
2012-04-26,5.6,5.84,5.52,5.84,5.84,500
2012-04-27,6.24,6.24,5.6,6.24,6.24,2100
2012-04-30,5.6,6.32,5.2,6.0,6.0,1100
2012-05-01,6.0,6.0,6.0,6.0,6.0,0
2012-05-02,5.6,5.6,5.6,5.6,5.6,0
2012-05-03,5.44,5.44,5.2,5.2,5.2,0
2012-05-04,5.44,5.44,4.0,5.44,5.44,3200
2012-05-07,5.2,5.2,4.88,5.2,5.2,2100
2012-05-08,4.88,5.2,4.8,4.88,4.88,600
2012-05-09,5.04,5.12,5.04,5.04,5.04,1800
2012-05-10,4.96,5.04,4.96,5.04,5.04,300
2012-05-11,4.8,5.6,4.64,5.52,5.52,1500
2012-05-14,5.52,5.6,5.44,5.6,5.6,2100
2012-05-15,5.68,5.76,5.04,5.68,5.68,1000
2012-05-16,5.2,5.2,5.2,5.2,5.2,0
2012-05-17,4.8,4.96,4.8,4.96,4.96,100
2012-05-18,5.04,5.04,5.04,5.04,5.04,1200
2012-05-21,4.88,5.12,4.8,4.8,4.8,3400
2012-05-22,4.08,4.8,4.08,4.08,4.08,300
2012-05-23,4.24,4.24,4.0,4.0,4.0,400
2012-05-24,4.08,4.08,4.0,4.08,4.08,900
2012-05-25,4.0,4.0,3.52,3.52,3.52,6000
2012-05-29,3.76,5.2,3.68,3.84,3.84,1300
2012-05-30,3.44,3.92,3.2,3.6,3.6,600
2012-05-31,3.36,4.72,3.36,4.24,4.24,6000
2012-06-01,4.24,4.24,3.2,3.6,3.6,3100
2012-06-04,3.6,3.6,3.6,3.6,3.6,100
2012-06-05,3.6,3.6,3.6,3.6,3.6,0
2012-06-06,3.68,3.68,3.28,3.36,3.36,200
2012-06-07,3.36,3.36,3.2,3.36,3.36,4000
2012-06-08,3.92,4.0,3.12,3.12,3.12,3900
2012-06-11,3.2,3.6,3.12,3.12,3.12,2800
2012-06-12,3.12,3.52,3.12,3.2,3.2,4900
2012-06-13,3.2,3.36,2.88,3.2,3.2,5900
2012-06-14,3.2,3.2,3.2,3.2,3.2,900
2012-06-15,3.2,3.2,2.32,2.48,2.48,500
2012-06-18,2.64,3.04,2.56,3.04,3.04,5900
2012-06-19,3.04,3.2,3.04,3.04,3.04,600
2012-06-20,3.04,3.12,2.72,3.12,3.12,0
2012-06-21,3.12,3.2,3.12,3.12,3.12,1000
2012-06-22,3.2,3.2,2.96,3.2,3.2,3100
2012-06-25,3.68,3.68,3.6,3.6,3.6,300
2012-06-26,3.6,3.6,3.2,3.44,3.44,1600
2012-06-27,3.2,3.2,2.96,3.2,3.2,4000
2012-06-28,3.2,3.2,3.2,3.2,3.2,0
2012-06-29,3.04,3.52,2.64,3.52,3.52,1000
2012-07-02,2.96,3.12,2.96,3.12,3.12,300
2012-07-03,3.04,3.44,2.88,2.88,2.88,100
2012-07-05,3.2,3.2,2.96,2.96,2.96,800
2012-07-06,2.96,3.2,2.96,3.2,3.2,1800
2012-07-09,3.52,3.52,2.88,3.2,3.2,400
2012-07-10,2.88,2.88,2.88,2.88,2.88,200
2012-07-11,2.88,2.88,2.88,2.88,2.88,0
2012-07-12,3.12,3.12,3.12,3.12,3.12,0
2012-07-13,3.12,3.12,2.72,2.72,2.72,4300
2012-07-16,3.12,3.2,2.8,2.96,2.96,1400
2012-07-17,3.04,3.6,3.04,3.04,3.04,3000
2012-07-18,3.52,3.52,3.04,3.04,3.04,3200
2012-07-19,3.04,3.04,3.04,3.04,3.04,0
2012-07-20,3.04,3.6,2.8,3.04,3.04,2500
2012-07-23,2.88,3.2,2.88,3.2,3.2,100
2012-07-24,2.88,2.88,2.8,2.8,2.8,100
2012-07-25,2.8,3.12,2.8,3.12,3.12,600
2012-07-26,3.12,3.12,3.12,3.12,3.12,700
2012-07-27,3.2,3.2,3.12,3.12,3.12,300
2012-07-30,2.8,2.8,2.8,2.8,2.8,300
2012-07-31,2.8,2.96,2.4,2.48,2.48,2000
2012-08-01,3.04,3.12,2.8,3.12,3.12,600
2012-08-02,3.12,3.2,3.04,3.2,3.2,900
2012-08-03,3.2,3.2,3.04,3.04,3.04,1800
2012-08-06,3.04,3.12,2.72,3.12,3.12,2100
2012-08-07,3.2,3.2,3.12,3.12,3.12,4900
2012-08-08,2.88,3.28,2.56,3.28,3.28,5900
2012-08-09,3.2,3.28,3.12,3.28,3.28,1200
2012-08-10,3.28,3.28,3.28,3.28,3.28,0
2012-08-13,2.72,3.84,2.72,3.44,3.44,1100
2012-08-14,3.28,3.76,3.28,3.76,3.76,3100
2012-08-15,3.76,3.76,3.2,3.28,3.28,1300
2012-08-16,3.44,3.84,3.2,3.84,3.84,3100
2012-08-17,4.0,5.12,4.0,4.8,4.8,22800
2012-08-20,5.2,5.6,4.8,4.8,4.8,2900
2012-08-21,5.36,6.4,5.2,5.36,5.36,1300
2012-08-22,5.44,5.44,5.12,5.12,5.12,300
2012-08-23,5.92,6.0,5.04,5.2,5.2,400
2012-08-24,11.93,11.93,5.16,7.0,7.0,3600
2012-08-27,7.0,7.0,7.0,7.0,7.0,500
2012-08-28,6.83,6.89,5.76,6.8,6.8,6000
2012-08-29,6.17,6.17,5.71,5.99,5.99,7200
2012-08-30,5.99,5.99,5.28,5.36,5.36,4700
2012-08-31,5.11,5.25,4.81,5.21,5.21,10200
2012-09-04,5.21,5.5,5.21,5.35,5.35,5400
2012-09-05,5.02,5.3,4.59,4.59,4.59,2300
2012-09-06,4.28,5.32,4.28,5.01,5.01,26600
2012-09-07,5.27,5.6,5.2,5.2,5.2,5400
2012-09-10,5.57,5.57,4.91,4.92,4.92,1900
2012-09-11,5.04,5.09,4.02,4.36,4.36,6900
2012-09-12,4.16,4.33,3.57,4.0,4.0,16300
2012-09-13,4.09,4.09,3.79,3.9,3.9,3200
2012-09-14,3.89,4.23,3.89,4.23,4.23,1800
2012-09-17,4.32,4.33,3.89,3.9,3.9,1100
2012-09-18,4.16,4.16,4.0,4.0,4.0,600
2012-09-19,3.96,3.96,3.75,3.83,3.83,3900
2012-09-20,3.7,3.83,3.65,3.83,3.83,2500
2012-09-21,3.69,3.8,3.69,3.8,3.8,2600
2012-09-24,3.59,3.72,3.59,3.6,3.6,2100
2012-09-25,3.49,3.49,3.35,3.44,3.44,4600
2012-09-26,3.32,3.43,3.31,3.43,3.43,1700
2012-09-27,3.37,3.45,3.37,3.39,3.39,3000
2012-09-28,3.36,3.44,3.36,3.44,3.44,3200
2012-10-01,3.3,3.3,3.3,3.3,3.3,200
2012-10-02,3.31,3.49,3.3,3.4,3.4,2700
2012-10-03,3.31,3.39,3.3,3.39,3.39,7600
2012-10-04,3.39,3.4,3.2,3.2,3.2,1300
2012-10-05,3.2,3.23,3.2,3.2,3.2,2000
2012-10-08,3.37,3.37,3.15,3.15,3.15,500
2012-10-09,3.19,3.3,3.19,3.3,3.3,1800
2012-10-10,3.35,3.35,3.03,3.03,3.03,2200
2012-10-11,3.02,3.05,2.91,2.91,2.91,7600
2012-10-12,2.81,3.15,2.81,3.15,3.15,1800
2012-10-15,3.13,3.15,3.0,3.15,3.15,3900
2012-10-16,3.15,3.49,3.02,3.34,3.34,6300
2012-10-17,3.15,3.3,3.11,3.11,3.11,4900
2012-10-18,3.16,3.16,3.02,3.03,3.03,3200
2012-10-19,3.0,3.0,3.0,3.0,3.0,200
2012-10-22,3.0,3.0,3.0,3.0,3.0,0
2012-10-23,3.31,3.32,3.31,3.32,3.32,1000
2012-10-24,3.31,3.54,3.3,3.3,3.3,7100
2012-10-25,3.3,3.92,3.3,3.4,3.4,600
2012-10-26,3.28,3.28,3.0,3.0,3.0,6200
2012-10-31,3.3,3.75,3.3,3.4,3.4,3600
2012-11-01,3.03,4.48,3.03,4.21,4.21,20700
2012-11-02,4.23,5.2,4.23,4.53,4.53,21900
2012-11-05,5.25,5.25,4.5,5.24,5.24,1300
2012-11-06,5.25,5.98,5.0,5.0,5.0,8900
2012-11-07,5.0,5.0,5.0,5.0,5.0,400
2012-11-08,5.0,5.25,5.0,5.0,5.0,3500
2012-11-09,5.0,6.0,5.0,5.75,5.75,18100
2012-11-12,5.7,6.0,5.7,5.9,5.9,2700
2012-11-13,5.9,5.9,5.9,5.9,5.9,500
2012-11-14,5.54,5.89,5.54,5.89,5.89,2000
2012-11-15,5.69,5.69,5.11,5.37,5.37,4300
2012-11-16,4.55,4.87,4.55,4.87,4.87,2600
2012-11-19,4.49,4.49,4.49,4.49,4.49,100
2012-11-20,4.49,4.49,4.49,4.49,4.49,0
2012-11-21,4.63,4.88,4.45,4.71,4.71,2000
2012-11-23,4.58,4.83,4.54,4.66,4.66,5600
2012-11-26,4.64,4.64,4.55,4.55,4.55,500
2012-11-27,4.54,4.54,4.54,4.54,4.54,100
2012-11-28,4.47,5.5,4.45,4.95,4.95,7800
2012-11-29,4.71,4.94,4.71,4.85,4.85,1600
2012-11-30,4.53,4.91,4.14,4.45,4.45,10900
2012-12-03,4.34,4.42,4.3,4.3,4.3,900
2012-12-04,4.03,4.73,3.73,4.01,4.01,1200
2012-12-05,4.15,4.15,3.75,3.75,3.75,3900
2012-12-06,3.75,3.75,3.0,3.0,3.0,7000
2012-12-07,3.15,3.62,3.07,3.2,3.2,4800
2012-12-10,3.32,3.83,3.22,3.67,3.67,4500
2012-12-11,3.56,3.67,3.27,3.4,3.4,3800
2012-12-12,3.46,4.0,3.42,3.57,3.57,6700
2012-12-13,3.55,3.74,3.54,3.54,3.54,800
2012-12-14,3.4,3.5,3.03,3.06,3.06,5700
2012-12-17,3.45,3.67,3.43,3.6,3.6,16100
2012-12-18,3.65,3.65,3.26,3.65,3.65,2100
2012-12-19,3.56,4.0,3.56,3.98,3.98,1100
2012-12-20,3.5,4.0,3.5,3.68,3.68,2600
2012-12-21,4.0,4.0,3.43,3.43,3.43,1200
2012-12-24,3.45,3.45,3.4,3.4,3.4,700
2012-12-26,3.38,3.38,3.38,3.38,3.38,400
2012-12-27,3.17,3.38,3.17,3.38,3.38,1100
2012-12-28,3.17,3.3,3.12,3.15,3.15,5300
2012-12-31,3.06,3.48,3.06,3.48,3.48,10000
2013-01-02,3.48,3.89,3.48,3.48,3.48,4500
2013-01-03,3.31,3.74,3.24,3.45,3.45,5300
2013-01-04,3.45,3.45,3.45,3.45,3.45,0
2013-01-07,3.37,3.49,3.24,3.48,3.48,3900
2013-01-08,3.59,3.59,3.35,3.35,3.35,3200
2013-01-09,3.35,3.35,3.35,3.35,3.35,0
2013-01-10,3.31,3.31,3.31,3.31,3.31,500
2013-01-11,3.27,3.27,3.27,3.27,3.27,400
2013-01-14,3.67,3.67,3.39,3.5,3.5,3800
2013-01-15,3.4,3.4,3.4,3.4,3.4,100
2013-01-16,3.4,3.4,3.16,3.16,3.16,300
2013-01-17,3.35,3.35,3.24,3.25,3.25,1700
2013-01-18,3.46,3.49,3.44,3.48,3.48,1800
2013-01-22,3.5,3.63,3.5,3.6,3.6,2100
2013-01-23,3.62,3.62,3.5,3.5,3.5,500
2013-01-24,3.56,3.74,3.51,3.73,3.73,4200
2013-01-25,3.73,3.73,3.58,3.59,3.59,1400
2013-01-28,3.5,3.68,3.5,3.68,3.68,600
2013-01-29,3.73,4.0,3.5,4.0,4.0,9500
2013-01-30,3.98,4.77,3.98,4.63,4.63,11700
2013-01-31,4.5,4.5,3.53,4.15,4.15,2500
2013-02-01,3.5,3.6,3.5,3.6,3.6,4300
2013-02-04,3.94,4.1,3.61,3.74,3.74,3300
2013-02-05,3.51,4.05,3.51,4.0,4.0,1100
2013-02-06,4.0,4.0,3.96,4.0,4.0,2200
2013-02-07,4.0,4.2,4.0,4.1,4.1,3000
2013-02-08,4.16,4.63,4.16,4.63,4.63,2100
2013-02-11,4.45,4.63,4.0,4.38,4.38,5700
2013-02-12,4.0,4.44,3.95,4.44,4.44,1800
2013-02-13,4.55,4.8,4.11,4.5,4.5,6100
2013-02-14,4.22,4.22,4.11,4.11,4.11,2900
2013-02-15,4.13,4.65,4.11,4.11,4.11,2400
2013-02-19,4.16,4.16,4.16,4.16,4.16,100
2013-02-20,4.58,4.8,4.33,4.33,4.33,4900
2013-02-21,4.44,4.44,4.37,4.37,4.37,800
2013-02-22,4.6,4.6,4.08,4.08,4.08,2100
2013-02-25,4.18,4.55,4.18,4.21,4.21,1100
2013-02-26,4.6,4.6,4.6,4.6,4.6,900
2013-02-27,4.11,4.59,4.11,4.26,4.26,5400
2013-02-28,4.26,4.26,4.09,4.09,4.09,3000
2013-03-01,4.3,4.3,4.29,4.29,4.29,1900
2013-03-04,4.3,4.3,4.3,4.3,4.3,1400
2013-03-05,4.28,4.3,3.94,4.26,4.26,1200
2013-03-06,4.26,4.26,4.26,4.26,4.26,0
2013-03-07,4.26,4.26,4.26,4.26,4.26,0
2013-03-08,4.04,4.09,4.04,4.09,4.09,400
2013-03-11,4.13,4.3,4.13,4.3,4.3,300
2013-03-12,4.2,4.2,4.06,4.06,4.06,1000
2013-03-13,4.29,4.29,4.11,4.11,4.11,300
2013-03-14,4.3,4.3,4.15,4.15,4.15,200
2013-03-15,4.3,4.3,4.15,4.15,4.15,4200
2013-03-18,4.05,4.05,4.05,4.05,4.05,400
2013-03-19,4.3,4.3,4.3,4.3,4.3,100
2013-03-20,4.3,4.3,4.3,4.3,4.3,1000
2013-03-21,4.3,4.3,4.3,4.3,4.3,0
2013-03-22,4.04,4.3,4.04,4.16,4.16,2100
2013-03-25,4.16,4.16,4.16,4.16,4.16,0
2013-03-26,4.19,4.88,4.19,4.48,4.48,74200
2013-03-27,4.4,4.4,4.13,4.3,4.3,2000
2013-03-28,4.3,4.39,4.18,4.36,4.36,10400
2013-04-01,4.36,4.39,4.21,4.39,4.39,5300
2013-04-02,4.47,4.61,4.18,4.61,4.61,12500
2013-04-03,4.61,4.61,4.61,4.61,4.61,400
2013-04-04,4.41,4.62,4.4,4.4,4.4,1100
2013-04-05,4.6,4.6,4.4,4.6,4.6,14500
2013-04-08,4.4,4.44,4.2,4.44,4.44,7200
2013-04-09,4.25,4.42,4.25,4.42,4.42,3100
2013-04-10,4.15,4.44,4.07,4.16,4.16,7300
2013-04-11,4.15,4.28,4.0,4.23,4.23,1900
2013-04-12,4.21,4.23,4.19,4.23,4.23,1600
2013-04-15,4.23,4.23,4.01,4.05,4.05,3100
2013-04-16,4.23,4.23,4.23,4.23,4.23,100
2013-04-17,4.23,4.23,4.23,4.23,4.23,0
2013-04-18,3.89,4.0,3.5,3.8,3.8,1500
2013-04-19,3.79,4.3,3.79,4.28,4.28,3000
2013-04-22,3.84,4.06,3.84,4.05,4.05,3300
2013-04-23,4.05,4.05,4.05,4.05,4.05,0
2013-04-24,4.06,4.27,4.06,4.26,4.26,1100
2013-04-25,4.06,4.06,4.06,4.06,4.06,100
2013-04-26,4.05,4.57,4.05,4.23,4.23,5100
2013-04-29,4.26,4.42,4.26,4.42,4.42,2100
2013-04-30,4.69,6.0,4.69,6.0,6.0,17000
2013-05-01,6.13,6.47,5.85,6.2,6.2,18100
2013-05-02,6.36,6.75,6.36,6.5,6.5,20900
2013-05-03,6.5,7.0,6.25,6.38,6.38,14700
2013-05-06,6.98,7.0,6.25,6.7,6.7,3300
2013-05-07,6.9,6.9,6.4,6.85,6.85,5900
2013-05-08,6.73,6.85,6.55,6.85,6.85,7200
2013-05-09,6.72,6.89,6.37,6.5,6.5,2700
2013-05-10,6.83,6.9,6.56,6.9,6.9,4600
2013-05-13,6.76,7.0,6.5,6.91,6.91,11500
2013-05-14,6.91,6.91,6.91,6.91,6.91,0
2013-05-15,6.91,6.91,6.91,6.91,6.91,0
2013-05-16,6.5,6.8,6.5,6.53,6.53,4000
2013-05-17,6.59,6.9,6.59,6.62,6.62,600
2013-05-20,6.88,6.9,6.25,6.26,6.26,8600
2013-05-21,6.51,6.51,6.5,6.5,6.5,900
2013-05-22,6.8,6.85,6.1,6.39,6.39,7300
2013-05-23,6.3,6.59,6.05,6.3,6.3,6100
2013-05-24,6.05,6.36,6.05,6.36,6.36,1500
2013-05-28,6.0,6.3,6.0,6.3,6.3,4400
2013-05-29,6.04,6.55,6.04,6.32,6.32,2700
2013-05-30,6.04,6.04,6.04,6.04,6.04,200
2013-05-31,5.61,6.26,5.61,6.22,6.22,900
2013-06-03,6.03,6.26,5.81,6.22,6.22,2100
2013-06-04,6.23,6.6,6.23,6.5,6.5,2100
2013-06-05,6.37,6.71,6.33,6.71,6.71,2400
2013-06-06,6.5,6.5,6.25,6.29,6.29,3500
2013-06-07,6.26,6.37,6.12,6.12,6.12,2700
2013-06-10,6.47,6.47,6.27,6.43,6.43,1600
2013-06-11,6.39,6.5,6.01,6.44,6.44,3000
2013-06-12,6.11,6.49,6.11,6.49,6.49,400
2013-06-13,6.29,6.58,6.29,6.58,6.58,16300
2013-06-14,6.6,6.8,6.57,6.8,6.8,5800
2013-06-17,6.74,7.42,6.38,7.35,7.35,10200
2013-06-18,7.41,7.65,7.15,7.65,7.65,8700
2013-06-19,7.77,9.3,7.75,8.0,8.0,44900
2013-06-20,8.14,8.99,7.99,8.88,8.88,12900
2013-06-21,8.91,9.0,7.71,8.46,8.46,19800
2013-06-24,8.21,8.85,8.04,8.52,8.52,2800
2013-06-25,8.36,8.36,8.17,8.17,8.17,600
2013-06-26,7.97,8.34,7.95,7.95,7.95,4900
2013-06-27,8.04,8.29,7.88,7.9,7.9,1900
2013-06-28,7.94,8.01,7.33,7.48,7.48,7000
2013-07-01,7.5,7.5,7.0,7.02,7.02,30700
2013-07-02,7.04,7.04,6.32,6.98,6.98,42900
2013-07-03,6.92,7.61,6.92,7.39,7.39,3100
2013-07-05,7.45,7.83,7.04,7.5,7.5,11600
2013-07-08,7.6,7.99,7.11,7.49,7.49,10600
2013-07-09,7.52,7.52,7.46,7.5,7.5,1300
2013-07-10,7.42,7.5,7.42,7.5,7.5,5200
2013-07-11,7.47,7.6,7.2,7.45,7.45,4200
2013-07-12,7.46,7.75,7.18,7.24,7.24,5900
2013-07-15,7.46,7.65,7.32,7.62,7.62,1300
2013-07-16,7.55,7.71,7.27,7.55,7.55,12400
2013-07-17,7.48,7.5,7.48,7.5,7.5,3800
2013-07-18,7.35,7.44,7.32,7.4,7.4,4800
2013-07-19,7.48,7.5,7.1,7.22,7.22,11100
2013-07-22,7.47,8.11,7.46,7.5,7.5,8300
2013-07-23,7.62,8.12,7.62,8.12,8.12,11400
2013-07-24,8.15,8.5,7.75,8.0,8.0,36900
2013-07-25,8.0,8.0,8.0,8.0,8.0,1300
2013-07-26,8.0,8.25,7.8,8.0,8.0,8000
2013-07-29,8.08,8.86,7.35,8.3,8.3,10500
2013-07-30,8.22,8.61,8.1,8.6,8.6,14700
2013-07-31,8.69,8.69,8.05,8.3,8.3,6300
2013-08-01,8.19,8.45,8.19,8.3,8.3,4500
2013-08-02,8.31,8.79,8.22,8.65,8.65,4000
2013-08-05,8.99,9.48,8.81,8.9,8.9,52900
2013-08-06,9.02,9.25,9.0,9.1,9.1,9000
2013-08-07,8.49,9.35,8.49,9.15,9.15,3400
2013-08-08,9.16,9.24,8.75,9.16,9.16,8300
2013-08-09,8.68,9.22,8.68,8.98,8.98,10100
2013-08-12,9.01,9.25,9.01,9.17,9.17,7100
2013-08-13,9.27,9.27,9.2,9.27,9.27,400
2013-08-14,9.27,9.27,8.64,9.25,9.25,3300
2013-08-15,9.19,9.22,8.45,8.8,8.8,21500
2013-08-16,8.94,9.0,8.94,8.97,8.97,4400
2013-08-19,8.51,9.0,8.5,8.5,8.5,6400
2013-08-20,8.52,8.75,8.45,8.75,8.75,5900
2013-08-21,8.62,8.8,8.62,8.63,8.63,400
2013-08-22,8.59,8.95,8.5,8.9,8.9,3800
2013-08-23,8.85,8.99,8.52,8.65,8.65,12500
2013-08-26,8.68,8.68,8.25,8.46,8.46,6600
2013-08-27,8.4,8.82,8.25,8.39,8.39,20700
2013-08-28,8.4,9.47,8.34,9.27,9.27,106400
2013-08-29,9.25,11.45,9.25,10.28,10.28,377100
2013-08-30,10.31,11.25,9.85,11.2,11.2,167800
2013-09-03,11.45,12.5,11.0,11.69,11.69,104300
2013-09-04,11.49,12.25,11.04,11.09,11.09,72300
2013-09-05,11.33,13.8,11.07,13.75,13.75,276900
2013-09-06,13.86,14.5,12.4,12.68,12.68,212800
2013-09-09,13.25,15.23,13.25,14.97,14.97,227300
2013-09-10,15.4,16.719998999999998,15.01,16.35,16.35,278800
2013-09-11,17.01,17.469998999999998,15.51,16.59,16.59,301600
2013-09-12,16.629998999999998,16.799999,15.5,16.629998999999998,16.629998999999998,104200
2013-09-13,16.68,16.889999,15.76,16.33,16.33,62100
2013-09-16,16.65,16.75,16.0,16.219998999999998,16.219998999999998,30400
2013-09-17,16.27,16.4,14.1,14.27,14.27,120000
2013-09-18,14.0,14.27,13.45,13.67,13.67,106800
2013-09-19,13.41,14.56,13.07,14.56,14.56,81300
2013-09-20,14.7,15.83,14.1,14.38,14.38,95100
2013-09-23,14.38,14.38,13.51,13.86,13.86,26300
2013-09-24,13.75,14.88,13.61,14.2,14.2,35100
2013-09-25,14.2,15.03,14.2,14.55,14.55,29900
2013-09-26,14.9,15.14,14.51,14.55,14.55,25200
2013-09-27,15.2,15.35,14.6,14.79,14.79,28700
2013-09-30,14.74,14.83,13.28,13.69,13.69,76800
2013-10-01,13.72,14.22,13.72,13.82,13.82,38500
2013-10-02,14.02,14.81,13.81,14.79,14.79,38200
2013-10-03,14.85,15.24,13.9,14.21,14.21,53100
2013-10-04,14.21,14.23,13.56,13.75,13.75,41000
2013-10-07,14.76,15.0,13.8,13.9,13.9,73800
2013-10-08,13.91,15.26,13.9,14.53,14.53,79500
2013-10-09,14.45,14.45,13.51,13.93,13.93,45600
2013-10-10,13.98,14.49,13.79,14.05,14.05,57100
2013-10-11,13.91,14.05,13.76,13.81,13.81,18200
2013-10-14,13.8,13.9,13.25,13.45,13.45,35300
2013-10-15,13.44,13.68,13.32,13.47,13.47,19400
2013-10-16,13.44,14.3,13.15,13.3,13.3,54900
2013-10-17,13.03,13.93,13.0,13.24,13.24,58700
2013-10-18,13.29,13.67,13.25,13.5,13.5,23300
2013-10-21,13.52,13.82,13.26,13.46,13.46,41500
2013-10-22,13.48,14.11,13.35,13.41,13.41,49600
2013-10-23,13.33,13.33,11.1,11.29,11.29,161500
2013-10-24,11.29,11.47,10.21,10.58,10.58,87100
2013-10-25,10.59,11.36,9.88,11.29,11.29,110400
2013-10-28,11.33,11.99,8.4,9.15,9.15,275300
2013-10-29,9.26,9.93,8.62,9.25,9.25,118200
2013-10-30,9.22,9.76,8.88,9.29,9.29,30600
2013-10-31,9.22,9.56,8.88,8.97,8.97,56300
2013-11-01,9.11,9.49,8.58,8.69,8.69,48500
2013-11-04,8.86,9.25,8.5,9.0,9.0,20000
2013-11-05,9.05,9.05,8.61,8.86,8.86,53700
2013-11-06,8.88,9.04,8.53,8.68,8.68,33700
2013-11-07,8.8,8.8,8.05,8.18,8.18,40100
2013-11-08,8.21,9.78,8.21,9.24,9.24,75500
2013-11-11,9.1,9.54,8.8,9.03,9.03,75000
2013-11-12,8.46,8.5,7.57,7.67,7.67,146200
2013-11-13,7.69,8.21,7.69,8.0,8.0,67200
2013-11-14,8.0,8.1,7.5,7.63,7.63,53600
2013-11-15,8.18,8.18,7.71,7.99,7.99,29700
2013-11-18,8.07,8.07,7.58,7.65,7.65,4000
2013-11-19,7.71,10.89,7.71,8.99,8.99,357400
2013-11-20,9.11,10.3,9.11,9.5,9.5,168200
2013-11-21,9.44,9.87,8.15,8.49,8.49,111200
2013-11-22,8.49,8.49,8.05,8.22,8.22,49400
2013-11-25,8.23,8.23,7.4,7.57,7.57,83700
2013-11-26,7.51,7.96,7.11,7.85,7.85,155100
2013-11-27,7.99,8.08,7.6,7.78,7.78,38000
2013-11-29,7.93,8.03,7.68,7.84,7.84,12000
2013-12-02,9.5,9.75,8.4,8.83,8.83,338700
2013-12-03,9.44,9.47,7.98,8.07,8.07,189600
2013-12-04,8.03,8.35,7.72,8.1,8.1,124500
2013-12-05,8.36,9.45,8.33,8.94,8.94,331200
2013-12-06,8.92,9.0,8.3,8.54,8.54,51600
2013-12-09,8.57,8.61,8.01,8.2,8.2,46700
2013-12-10,8.42,8.66,7.9,8.07,8.07,45300
2013-12-11,8.13,8.21,7.62,7.78,7.78,33600
2013-12-12,7.79,7.94,7.61,7.62,7.62,39300
2013-12-13,7.7,7.7,7.5,7.5,7.5,25100
2013-12-16,7.55,7.76,7.3,7.63,7.63,36700
2013-12-17,7.57,8.1,7.57,7.9,7.9,30700
2013-12-18,7.78,8.18,7.78,7.81,7.81,41200
2013-12-19,7.78,7.78,7.55,7.58,7.58,19400
2013-12-20,7.83,7.91,7.51,7.76,7.76,17300
2013-12-23,7.77,8.18,7.57,7.98,7.98,32300
2013-12-24,8.01,8.15,7.74,7.75,7.75,13000
2013-12-26,7.84,7.99,7.75,7.77,7.77,15400
2013-12-27,7.82,8.39,7.7,8.24,8.24,78900
2013-12-30,8.78,9.64,8.7,8.9,8.9,141400
2013-12-31,9.0,9.25,8.9,9.19,9.19,66400
2014-01-02,9.22,9.35,8.69,9.12,9.12,39600
2014-01-03,9.2,9.2,8.49,8.84,8.84,14000
2014-01-06,8.94,9.17,8.85,9.15,9.15,26300
2014-01-07,9.12,9.6,9.12,9.56,9.56,38400
2014-01-08,9.41,9.89,9.32,9.73,9.73,37100
2014-01-09,9.69,9.89,9.5,9.55,9.55,28400
2014-01-10,9.54,9.54,9.12,9.31,9.31,59000
2014-01-13,9.26,9.3,8.97,9.14,9.14,27800
2014-01-14,9.03,9.59,8.95,9.45,9.45,33600
2014-01-15,9.6,9.89,9.57,9.88,9.88,24700
2014-01-16,9.93,9.97,9.27,9.51,9.51,19700
2014-01-17,9.62,9.62,9.23,9.28,9.28,7100
2014-01-21,9.43,9.43,8.79,8.97,8.97,25500
2014-01-22,8.86,8.86,8.33,8.47,8.47,40100
2014-01-23,8.46,8.65,8.25,8.43,8.43,18400
2014-01-24,8.32,8.5,8.15,8.5,8.5,14000
2014-01-27,8.51,8.51,7.84,7.93,7.93,20800
2014-01-28,7.9,7.99,7.8,7.8,7.8,11300
2014-01-29,7.8,7.9,7.45,7.81,7.81,9100
2014-01-30,7.75,8.19,7.7,8.19,8.19,21500
2014-01-31,8.09,8.09,7.72,7.91,7.91,12000
2014-02-03,7.89,7.89,7.28,7.41,7.41,37300
2014-02-04,7.43,7.87,7.01,7.55,7.55,25500
2014-02-05,7.33,7.52,7.32,7.4,7.4,18100
2014-02-06,7.33,7.8,7.33,7.68,7.68,14000
2014-02-07,7.74,8.4,7.68,8.23,8.23,31200
2014-02-10,8.28,8.91,8.28,8.75,8.75,20000
2014-02-11,8.51,8.88,7.91,8.4,8.4,14600
2014-02-12,8.46,8.46,8.04,8.27,8.27,18700
2014-02-13,8.11,8.2,7.89,7.98,7.98,23500
2014-02-14,8.0,8.25,7.76,8.25,8.25,12300
2014-02-18,8.3,8.45,7.98,8.14,8.14,6600
2014-02-19,8.22,8.42,8.02,8.42,8.42,4200
2014-02-20,8.22,8.43,7.87,8.42,8.42,24900
2014-02-21,8.49,8.49,7.87,8.45,8.45,14300
2014-02-24,8.39,8.4,8.01,8.1,8.1,5800
2014-02-25,8.04,8.36,7.84,7.85,7.85,8100
2014-02-26,7.8,8.32,7.8,8.0,8.0,5300
2014-02-27,8.45,8.47,7.97,8.14,8.14,12800
2014-02-28,8.22,8.29,8.06,8.23,8.23,2700
2014-03-03,8.26,8.31,8.02,8.02,8.02,4000
2014-03-04,8.12,8.27,8.01,8.27,8.27,1800
2014-03-05,8.14,8.82,8.0,8.78,8.78,46000
2014-03-06,8.84,8.9,8.7,8.74,8.74,12200
2014-03-07,8.71,8.71,8.21,8.37,8.37,3300
2014-03-10,8.37,8.77,8.37,8.67,8.67,2700
2014-03-11,8.74,8.99,8.37,8.56,8.56,36700
2014-03-12,8.58,8.65,8.2,8.49,8.49,6500
2014-03-13,8.48,8.48,7.81,8.05,8.05,12200
2014-03-14,8.16,8.28,8.05,8.28,8.28,5800
2014-03-17,8.42,8.44,8.01,8.15,8.15,7000
2014-03-18,8.1,8.2,7.86,7.86,7.86,20200
2014-03-19,7.84,8.0,7.73,7.77,7.77,18300
2014-03-20,7.71,8.02,7.71,7.88,7.88,10600
2014-03-21,7.9,8.11,7.87,8.11,8.11,25000
2014-03-24,7.99,8.32,7.99,8.26,8.26,4900
2014-03-25,8.3,8.35,7.91,8.04,8.04,2800
2014-03-26,8.01,8.23,7.93,8.0,8.0,11100
2014-03-27,7.78,7.78,6.37,6.37,6.37,102300
2014-03-28,6.47,6.97,6.12,6.24,6.24,51400
2014-03-31,6.24,6.39,6.0,6.14,6.14,25700
2014-04-01,6.15,6.28,6.08,6.08,6.08,27700
2014-04-02,6.35,6.35,6.01,6.21,6.21,33900
2014-04-03,6.22,6.35,6.11,6.19,6.19,15100
2014-04-04,6.35,6.49,6.17,6.2,6.2,15100
2014-04-07,6.2,6.2,5.55,5.8,5.8,66700
2014-04-08,5.48,5.94,5.48,5.72,5.72,16100
2014-04-09,5.67,5.87,5.67,5.69,5.69,14100
2014-04-10,5.68,6.47,5.67,6.0,6.0,34500
2014-04-11,6.07,6.07,5.64,5.9,5.9,13100
2014-04-14,5.88,5.99,5.52,5.6,5.6,40100
2014-04-15,5.66,5.66,4.78,4.83,4.83,44400
2014-04-16,4.81,4.94,4.65,4.67,4.67,19000
2014-04-17,4.52,4.88,4.46,4.61,4.61,41000
2014-04-21,4.61,4.95,4.61,4.73,4.73,23400
2014-04-22,4.83,5.06,4.72,5.0,5.0,21400
2014-04-23,4.9,5.19,4.9,4.96,4.96,16500
2014-04-24,4.8,4.97,4.79,4.88,4.88,6300
2014-04-25,4.84,5.0,4.84,4.94,4.94,10900
2014-04-28,5.35,5.35,4.7,4.74,4.74,65200
2014-04-29,4.79,5.42,4.71,4.82,4.82,22200
2014-04-30,4.98,4.98,4.6,4.65,4.65,15600
2014-05-01,4.78,5.09,4.68,4.9,4.9,12600
2014-05-02,4.87,4.87,4.58,4.66,4.66,7100
2014-05-05,4.65,4.86,4.64,4.75,4.75,4100
2014-05-06,4.68,4.75,4.68,4.69,4.69,1100
2014-05-07,5.08,5.08,4.42,4.79,4.79,20200
2014-05-08,4.71,4.79,4.0,4.05,4.05,121300
2014-05-09,4.16,4.55,4.16,4.24,4.24,9400
2014-05-12,4.54,4.54,4.09,4.16,4.16,7900
2014-05-13,4.26,4.42,4.25,4.27,4.27,4800
2014-05-14,4.31,4.55,4.31,4.54,4.54,6200
2014-05-15,4.42,4.52,4.4,4.43,4.43,1100
2014-05-16,4.37,4.45,4.14,4.24,4.24,7800
2014-05-19,4.04,4.34,4.04,4.2,4.2,2400
2014-05-20,4.19,4.39,4.16,4.21,4.21,12500
2014-05-21,4.27,4.27,4.09,4.1,4.1,3200
2014-05-22,4.12,4.27,4.09,4.26,4.26,3200
2014-05-23,4.48,4.48,4.25,4.25,4.25,11500
2014-05-27,4.22,4.42,4.22,4.28,4.28,9300
2014-05-28,4.22,4.69,4.22,4.61,4.61,1000
2014-05-29,4.56,5.67,4.56,5.02,5.02,28400
2014-05-30,5.02,5.16,5.0,5.04,5.04,3900
2014-06-02,4.99,4.99,4.99,4.99,4.99,1300
2014-06-03,4.85,4.87,4.85,4.87,4.87,600
2014-06-04,4.85,4.91,4.54,4.54,4.54,3100
2014-06-05,4.6,4.73,3.8,3.82,3.82,65500
2014-06-06,3.8,4.42,3.79,3.95,3.95,30200
2014-06-09,3.9,4.1,3.56,3.61,3.61,34200
2014-06-10,3.41,3.67,3.03,3.25,3.25,220000
2014-06-11,3.38,3.41,3.25,3.38,3.38,37800
2014-06-12,3.3,3.61,3.3,3.51,3.51,51000
2014-06-13,3.6,3.79,3.3,3.34,3.34,56900
2014-06-16,3.3,3.5,3.3,3.43,3.43,23600
2014-06-17,3.5,3.62,3.41,3.55,3.55,8600
2014-06-18,3.59,3.68,3.3,3.3,3.3,31300
2014-06-19,3.45,3.56,3.31,3.36,3.36,23200
2014-06-20,3.35,3.5,3.33,3.37,3.37,32100
2014-06-23,3.43,3.55,3.25,3.26,3.26,15400
2014-06-24,3.28,3.33,3.13,3.15,3.15,41900
2014-06-25,3.15,3.37,3.15,3.36,3.36,6400
2014-06-26,3.36,3.36,3.2,3.24,3.24,4100
2014-06-27,3.17,3.4,3.14,3.3,3.3,8700
2014-06-30,3.32,3.38,3.08,3.11,3.11,46000
2014-07-01,3.16,3.25,3.1,3.14,3.14,7600
2014-07-02,3.2,3.29,3.16,3.26,3.26,11000
2014-07-03,3.27,3.4,3.27,3.3,3.3,18500
2014-07-07,3.3,3.4,3.15,3.23,3.23,30100
2014-07-08,3.2,3.36,3.17,3.18,3.18,10000
2014-07-09,3.19,3.25,3.11,3.18,3.18,2300
2014-07-10,3.3,9.44,3.28,7.23,7.23,6277800
2014-07-11,7.79,9.28,6.14,6.15,6.15,11822500
2014-07-14,6.74,6.74,5.18,5.22,5.22,1744000
2014-07-15,5.2,6.57,5.03,5.22,5.22,1715300
2014-07-16,5.35,5.48,4.9,4.99,4.99,534000
2014-07-17,4.8,5.84,4.79,5.13,5.13,1577700
2014-07-18,5.05,5.45,4.89,5.07,5.07,313000
2014-07-21,4.95,5.14,4.75,4.76,4.76,369600
2014-07-22,4.9,4.9,4.57,4.72,4.72,199100
2014-07-23,4.69,5.05,4.57,4.66,4.66,373900
2014-07-24,4.73,4.85,4.57,4.8,4.8,228000
2014-07-25,4.75,4.84,4.21,4.45,4.45,224000
2014-07-28,4.39,4.63,4.28,4.39,4.39,54500
2014-07-29,4.25,4.43,4.1,4.13,4.13,115600
2014-07-30,4.11,4.54,4.02,4.1,4.1,198800
2014-07-31,4.09,4.09,3.8,3.84,3.84,149000
2014-08-01,3.95,3.99,3.63,3.71,3.71,139500
2014-08-04,3.95,3.95,3.51,3.57,3.57,78500
2014-08-05,3.55,3.88,3.53,3.8,3.8,84200
2014-08-06,3.72,3.88,3.55,3.6,3.6,50000
2014-08-07,3.6,3.63,3.35,3.48,3.48,64500
2014-08-08,3.52,4.29,3.52,3.83,3.83,384800
2014-08-11,3.72,4.23,3.67,4.03,4.03,111200
2014-08-12,4.05,4.18,3.89,4.02,4.02,33000
2014-08-13,3.93,4.09,3.92,4.04,4.04,60900
2014-08-14,3.3,3.6,3.16,3.25,3.25,300800
2014-08-15,3.3,3.46,3.27,3.35,3.35,109700
2014-08-18,3.56,3.8,3.46,3.65,3.65,203600
2014-08-19,3.72,7.09,3.72,7.08,7.08,2818200
2014-08-20,7.84,8.83,5.62,5.79,5.79,8771600
2014-08-21,6.23,8.0,5.68,7.01,7.01,7414900
2014-08-22,7.11,8.65,7.1,7.94,7.94,7710400
2014-08-25,9.05,14.25,8.75,12.5,12.5,24098300
2014-08-26,14.9,16.24,13.42,14.28,14.28,15118800
2014-08-27,13.12,14.55,11.26,11.49,11.49,6430700
2014-08-28,14.0,15.82,13.67,15.68,15.68,13119300
2014-08-29,17.370001000000002,19.860001,17.32,18.66,18.66,16030700
2014-09-02,22.34,33.59,22.120001000000002,33.41,33.41,21371700
2014-09-03,28.120001000000002,29.92,22.92,23.040001,23.040001,7610900
2014-09-04,26.5,28.34,24.25,26.09,26.09,7231900
2014-09-05,24.66,25.75,23.25,25.27,25.27,2690900
2014-09-08,23.450001,26.780001000000002,22.34,24.030001000000002,24.030001000000002,3864400
2014-09-09,23.07,25.49,22.690001000000002,23.1,23.1,1265200
2014-09-10,22.870001000000002,24.1,21.25,22.030001000000002,22.030001000000002,1557300
2014-09-11,23.77,25.360001,22.52,23.1,23.1,2955400
2014-09-12,23.120001000000002,23.299999,21.610001,22.0,22.0,865900
2014-09-15,21.5,21.85,18.51,18.65,18.65,1190800
2014-09-16,18.16,20.65,18.139999,19.790001,19.790001,1614900
2014-09-17,18.92,19.5,18.26,18.799999,18.799999,669900
2014-09-18,18.48,19.379998999999998,17.620001000000002,17.99,17.99,835100
2014-09-19,17.549999,18.42,16.549999,16.74,16.74,1046200
2014-09-22,16.309998999999998,16.85,16.07,16.52,16.52,524200
2014-09-23,16.129998999999998,18.190001000000002,16.1,16.530001000000002,16.530001000000002,929600
2014-09-24,16.32,17.48,16.24,16.24,16.24,572400
2014-09-25,16.16,16.26,15.07,15.08,15.08,435700
2014-09-26,17.879998999999998,20.200001,17.290001,17.629998999999998,17.629998999999998,3664100
2014-09-29,16.549999,17.299999,16.049999,16.790001,16.790001,789100
2014-09-30,16.41,17.82,15.75,16.02,16.02,563000
2014-10-01,15.53,15.73,14.5,15.09,15.09,520200
2014-10-02,15.09,15.24,13.93,14.55,14.55,420100
2014-10-03,14.55,14.99,14.0,14.0,14.0,272900
2014-10-06,15.12,17.379998999999998,14.23,14.55,14.55,2054300
2014-10-07,14.55,15.32,14.2,14.8,14.8,413000
2014-10-08,14.55,14.74,13.0,13.72,13.72,426500
2014-10-09,14.27,15.0,13.25,13.41,13.41,456200
2014-10-10,13.41,13.48,11.83,11.95,11.95,358200
2014-10-13,11.9,11.99,10.4,10.41,10.41,443200
2014-10-14,10.5,12.84,10.09,11.17,11.17,972700
2014-10-15,10.71,10.76,9.87,10.55,10.55,338900
2014-10-16,10.07,11.94,9.85,11.49,11.49,336000
2014-10-17,11.31,13.59,11.25,12.5,12.5,1156300
2014-10-20,12.51,13.71,11.63,13.14,13.14,599000
2014-10-21,12.99,14.16,12.82,12.99,12.99,523000
2014-10-22,13.13,13.8,12.83,13.41,13.41,278300
2014-10-23,13.46,13.65,12.96,13.41,13.41,219900
2014-10-24,13.4,15.56,13.34,14.49,14.49,772300
2014-10-27,15.55,16.049999,14.78,15.28,15.28,646700
2014-10-28,15.23,15.23,13.76,14.41,14.41,357400
2014-10-29,14.48,14.79,14.17,14.4,14.4,148700
2014-10-30,14.46,15.25,14.39,14.69,14.69,202700
2014-10-31,15.15,15.18,14.5,14.62,14.62,142100
2014-11-03,14.6,14.78,13.5,13.69,13.69,291600
2014-11-04,13.69,13.69,12.93,13.1,13.1,168200
2014-11-05,13.3,13.3,12.2,12.41,12.41,212500
2014-11-06,12.46,12.68,11.56,11.72,11.72,214800
2014-11-07,11.72,12.2,11.02,12.19,12.19,357200
2014-11-10,12.5,12.77,12.07,12.28,12.28,309300
2014-11-11,12.33,12.73,11.83,12.48,12.48,325300
2014-11-12,12.44,13.25,12.15,12.99,12.99,501000
2014-11-13,12.7,14.33,12.7,13.22,13.22,722700
2014-11-14,11.05,12.4,10.5,11.5,11.5,527000
2014-11-17,11.8,12.0,11.32,11.66,11.66,223100
2014-11-18,11.75,11.95,11.28,11.5,11.5,232200
2014-11-19,11.47,11.5,11.18,11.49,11.49,180500
2014-11-20,11.36,12.25,11.2,12.11,12.11,217600
2014-11-21,12.35,12.82,11.88,12.52,12.52,309700
2014-11-24,12.69,14.32,12.27,14.05,14.05,635800
2014-11-25,13.85,14.47,12.86,13.55,13.55,1291700
2014-11-26,13.95,14.9,13.66,14.02,14.02,769000
2014-11-28,13.96,14.16,12.81,13.36,13.36,326700
2014-12-01,13.26,13.4,11.8,12.87,12.87,748400
2014-12-02,14.49,18.969998999999998,14.42,18.690001000000002,18.690001000000002,8413700
2014-12-03,18.6,20.4,17.0,17.92,17.92,4065100
2014-12-04,18.219998999999998,22.41,17.200001,21.0,21.0,5889200
2014-12-05,21.049999,23.75,19.6,19.83,19.83,4967700
2014-12-08,19.379998999999998,21.08,17.6,18.01,18.01,2133200
2014-12-09,17.190001000000002,18.620001000000002,16.75,17.809998999999998,17.809998999999998,1070100
2014-12-10,17.33,18.549999,16.209999,16.52,16.52,622900
2014-12-11,16.690001000000002,17.58,14.02,14.21,14.21,1231300
2014-12-12,13.73,17.15,13.22,15.55,15.55,2865600
2014-12-15,15.37,15.48,13.99,14.04,14.04,702900
2014-12-16,13.74,15.48,13.51,14.38,14.38,1271100
2014-12-17,15.6,17.0,15.01,15.8,15.8,1729300
2014-12-18,16.07,16.99,15.29,15.48,15.48,920200
2014-12-19,15.27,16.18,14.67,15.37,15.37,699700
2014-12-22,15.41,16.639999,14.78,15.22,15.22,698300
2014-12-23,15.3,15.78,14.4,14.8,14.8,308400
2014-12-24,16.15,16.25,15.01,15.62,15.62,583700
2014-12-26,15.71,16.879998999999998,15.46,15.87,15.87,384800
2014-12-29,15.77,16.700001,15.62,16.07,16.07,318500
2014-12-30,15.85,16.389999,15.07,15.88,15.88,297400
2014-12-31,15.73,15.98,15.25,15.32,15.32,211500
2015-01-02,15.32,15.68,15.27,15.46,15.46,107300
2015-01-05,15.37,15.67,14.81,15.15,15.15,118600
2015-01-06,15.17,15.27,14.55,14.61,14.61,151900
2015-01-07,14.7,15.0,14.5,14.81,14.81,87500
2015-01-08,15.0,15.27,14.55,14.69,14.69,101000
2015-01-09,14.58,14.58,13.36,13.61,13.61,246300
2015-01-12,13.7,13.9,12.8,12.9,12.9,191600
2015-01-13,12.8,14.39,12.8,13.43,13.43,373200
2015-01-14,13.12,13.65,12.95,13.24,13.24,78300
2015-01-15,13.21,14.45,12.95,13.24,13.24,487100
2015-01-16,13.14,13.43,13.05,13.17,13.17,78300
2015-01-20,13.66,13.66,12.1,12.82,12.82,211900
2015-01-21,12.72,12.83,11.75,11.82,11.82,174500
2015-01-22,11.7,12.0,10.83,11.03,11.03,227300
2015-01-23,10.86,11.3,10.45,11.21,11.21,156700
2015-01-26,11.0,11.51,10.91,10.94,10.94,83800
2015-01-27,10.87,10.87,10.44,10.58,10.58,119700
2015-01-28,10.7,10.93,10.5,10.52,10.52,84900
2015-01-29,10.45,11.18,10.45,10.68,10.68,118000
2015-01-30,10.9,10.95,10.47,10.57,10.57,67300
2015-02-02,10.78,10.99,10.06,10.27,10.27,164900
2015-02-03,10.18,10.7,10.0,10.27,10.27,123700
2015-02-04,10.6,11.9,10.22,10.86,10.86,501100
2015-02-05,11.63,11.63,10.46,10.73,10.73,142500
2015-02-06,10.68,10.7,10.26,10.53,10.53,70400
2015-02-09,10.53,10.84,10.33,10.67,10.67,59100
2015-02-10,10.86,10.86,10.4,10.5,10.5,75300
2015-02-11,11.3,13.28,10.95,12.54,12.54,873100
2015-02-12,12.58,12.96,11.7,11.9,11.9,192300
2015-02-13,11.91,12.5,11.5,11.5,11.5,117800
2015-02-17,11.8,12.35,11.58,11.6,11.6,156700
2015-02-18,11.67,12.21,11.05,11.2,11.2,188200
2015-02-19,11.25,12.0,11.22,11.34,11.34,504800
2015-02-20,11.5,11.72,10.9,11.04,11.04,154800
2015-02-23,13.09,14.34,12.12,12.23,12.23,2491300
2015-02-24,12.64,12.65,11.6,12.05,12.05,429000
2015-02-25,11.99,12.69,11.88,12.42,12.42,297500
2015-02-26,12.41,13.4,12.4,13.28,13.28,347000
2015-02-27,13.25,13.45,12.72,12.89,12.89,195100
2015-03-02,12.86,13.84,12.72,13.49,13.49,301500
2015-03-03,14.19,14.4,13.55,14.22,14.22,611200
2015-03-04,14.29,14.29,12.91,13.18,13.18,389100
2015-03-05,13.02,13.1,12.27,12.38,12.38,284000
2015-03-06,12.61,13.2,12.41,12.81,12.81,225000
2015-03-09,13.1,13.35,13.01,13.18,13.18,127200
2015-03-10,13.34,13.34,12.45,12.79,12.79,173700
2015-03-11,12.63,12.92,12.36,12.43,12.43,64800
2015-03-12,12.51,12.59,12.25,12.34,12.34,104500
2015-03-13,12.0,12.15,11.68,11.84,11.84,190700
2015-03-16,11.8,12.02,11.3,11.46,11.46,115800
2015-03-17,11.27,11.44,11.1,11.37,11.37,90900
2015-03-18,11.19,11.8,11.09,11.53,11.53,105100
2015-03-19,11.42,11.75,11.42,11.64,11.64,51900
2015-03-20,11.7,11.94,11.61,11.79,11.79,84900
2015-03-23,12.19,12.75,12.03,12.57,12.57,658400
2015-03-24,15.16,16.27,13.92,14.05,14.05,4437600
2015-03-25,13.9,14.25,12.86,13.02,13.02,687400
2015-03-26,12.75,12.94,12.35,12.66,12.66,236100
2015-03-27,12.68,13.1,12.4,12.67,12.67,171600
2015-03-30,12.82,13.43,12.4,13.36,13.36,645100
2015-03-31,13.22,13.39,12.67,12.75,12.75,192100
2015-04-01,12.67,12.78,12.13,12.42,12.42,198100
2015-04-02,12.38,13.84,12.38,13.68,13.68,1075600
2015-04-06,12.47,12.92,12.45,12.66,12.66,427800
2015-04-07,12.75,12.8,12.52,12.6,12.6,147700
2015-04-08,13.12,14.49,12.8,14.0,14.0,1345600
2015-04-09,14.79,16.0,14.34,15.77,15.77,2120500
2015-04-10,15.66,15.66,14.27,14.47,14.47,742300
2015-04-13,14.65,15.63,14.31,14.43,14.43,428400
2015-04-14,14.78,14.97,13.55,13.77,13.77,476500
2015-04-15,13.9,14.09,13.54,13.76,13.76,408400
2015-04-16,13.55,14.43,13.55,13.76,13.76,429000
2015-04-17,14.23,14.34,13.01,13.29,13.29,626900
2015-04-20,13.27,13.52,13.09,13.23,13.23,274800
2015-04-21,13.23,13.4,12.95,13.05,13.05,192800
2015-04-22,12.99,13.21,12.87,13.13,13.13,103000
2015-04-23,13.05,13.5,13.0,13.49,13.49,301700
2015-04-24,13.56,14.2,13.5,13.88,13.88,548800
2015-04-27,13.98,13.98,12.78,13.21,13.21,358500
2015-04-28,14.27,14.55,13.25,14.09,14.09,1572800
2015-04-29,13.9,14.95,13.39,14.08,14.08,951500
2015-04-30,14.55,14.8,13.88,13.99,13.99,544600
2015-05-01,14.12,15.44,14.0,15.19,15.19,1281100
2015-05-04,15.82,18.4,15.59,18.07,18.07,3052200
2015-05-05,18.059998999999998,18.059998999999998,16.15,16.360001,16.360001,1609900
2015-05-06,16.58,17.43,15.62,16.610001,16.610001,871800
2015-05-07,16.219998999999998,16.860001,16.030001000000002,16.43,16.43,248000
2015-05-08,16.610001,16.84,15.7,15.83,15.83,466900
2015-05-11,15.7,16.75,15.7,16.709999,16.709999,394300
2015-05-12,16.469998999999998,17.440001000000002,16.299999,17.379998999999998,17.379998999999998,624300
2015-05-13,17.5,18.799999,17.42,18.299999,18.299999,1342400
2015-05-14,15.38,16.709999,15.25,16.030001000000002,16.030001000000002,1480000
2015-05-15,16.15,16.690001000000002,15.42,15.46,15.46,414200
2015-05-18,15.4,15.82,14.39,14.44,14.44,463300
2015-05-19,14.32,14.7,14.09,14.49,14.49,285900
2015-05-20,14.21,15.38,14.06,14.68,14.68,539000
2015-05-21,14.51,15.13,14.51,14.99,14.99,311400
2015-05-22,15.02,15.22,14.65,14.86,14.86,104300
2015-05-26,14.69,14.85,14.56,14.78,14.78,113700
2015-05-27,14.95,15.0,14.2,14.59,14.59,127500
2015-05-28,15.34,15.44,14.96,15.1,15.1,283500
2015-05-29,15.4,15.5,14.77,14.89,14.89,213600
2015-06-01,14.89,14.89,14.3,14.63,14.63,183600
2015-06-02,14.54,14.83,14.43,14.55,14.55,122500
2015-06-03,14.6,14.85,14.13,14.2,14.2,205100
2015-06-04,14.2,14.33,13.75,13.87,13.87,211100
2015-06-05,13.7,13.71,13.35,13.44,13.44,254800
2015-06-08,13.44,13.69,12.85,13.16,13.16,263700
2015-06-09,13.1,13.22,12.81,13.11,13.11,159700
2015-06-10,13.05,13.85,13.0,13.41,13.41,192700
2015-06-11,13.59,14.15,13.53,14.12,14.12,205200
2015-06-12,14.31,14.31,13.66,13.72,13.72,103200
2015-06-15,13.73,14.27,13.26,14.01,14.01,251000
2015-06-16,13.87,14.12,13.65,13.72,13.72,63600
2015-06-17,13.84,13.98,13.52,13.56,13.56,54200
2015-06-18,14.75,15.36,14.52,14.84,14.84,962800
2015-06-19,14.81,14.96,14.37,14.43,14.43,175300
2015-06-22,14.75,14.75,13.96,14.44,14.44,146200
2015-06-23,14.56,14.64,14.01,14.33,14.33,135600
2015-06-24,14.27,14.33,14.02,14.11,14.11,88200
2015-06-25,14.22,14.22,13.97,14.01,14.01,70900
2015-06-26,14.07,14.34,13.96,14.26,14.26,106400
2015-06-29,14.06,14.2,13.66,13.73,13.73,173500
2015-06-30,13.94,13.96,13.7,13.84,13.84,60100
2015-07-01,14.0,14.2,13.66,13.82,13.82,58200
2015-07-02,13.8,13.92,13.25,13.33,13.33,107600
2015-07-06,13.14,13.55,12.9,13.44,13.44,135900
2015-07-07,13.55,13.62,13.09,13.26,13.26,135600
2015-07-08,13.2,13.54,13.0,13.06,13.06,65000
2015-07-09,13.27,13.38,13.05,13.21,13.21,98000
2015-07-10,13.37,13.37,13.07,13.19,13.19,44100
2015-07-13,13.22,13.55,13.19,13.45,13.45,44100
2015-07-14,13.51,13.51,13.1,13.24,13.24,134400
2015-07-15,13.21,13.38,12.7,13.15,13.15,197400
2015-07-16,13.2,13.51,13.1,13.51,13.51,108100
2015-07-17,13.4,13.4,12.55,12.85,12.85,227000
2015-07-20,12.84,12.85,12.02,12.08,12.08,200700
2015-07-21,12.29,12.37,12.08,12.19,12.19,89600
2015-07-22,12.04,12.19,11.38,11.73,11.73,180200
2015-07-23,11.71,13.0,11.1,11.27,11.27,681500
2015-07-24,11.47,11.73,10.75,11.06,11.06,173200
2015-07-27,10.83,10.86,10.36,10.8,10.8,176500
2015-07-28,10.84,10.85,10.15,10.6,10.6,270000
2015-07-29,11.21,11.21,10.33,10.98,10.98,239700
2015-07-30,11.11,11.67,10.9,11.25,11.25,371400
2015-07-31,11.27,11.5,10.57,11.03,11.03,277100
2015-08-03,11.08,11.08,9.72,9.8,9.8,293400
2015-08-04,10.25,10.39,9.88,10.19,10.19,274600
2015-08-05,10.25,10.27,9.81,9.93,9.93,186700
2015-08-06,9.88,9.88,9.11,9.28,9.28,291200
2015-08-07,9.1,9.15,8.05,8.15,8.15,544000
2015-08-10,8.2,8.24,6.99,8.0,8.0,820800
2015-08-11,7.79,8.41,7.51,7.99,7.99,257600
2015-08-12,7.84,8.1,7.4,7.9,7.9,253600
2015-08-13,7.83,7.95,7.49,7.89,7.89,111600
2015-08-14,7.94,7.99,7.71,7.9,7.9,94700
2015-08-17,8.0,8.06,7.62,7.78,7.78,135800
2015-08-18,7.6,7.75,7.21,7.51,7.51,259400
2015-08-19,7.52,7.66,7.32,7.36,7.36,80700
2015-08-20,7.4,7.4,7.06,7.26,7.26,191400
2015-08-21,7.0,7.05,6.5,6.75,6.75,351800
2015-08-24,6.02,6.11,4.6,6.11,6.11,418100
2015-08-25,6.39,8.1,6.26,7.46,7.46,544800
2015-08-26,7.8,8.34,7.6,8.14,8.14,612700
2015-08-27,8.5,8.5,7.76,8.11,8.11,238100
2015-08-28,7.97,8.46,7.97,8.33,8.33,136000
2015-08-31,8.25,8.54,8.25,8.34,8.34,83900
2015-09-01,8.08,8.23,7.81,7.87,7.87,95900
2015-09-02,7.17,7.5,7.0,7.24,7.24,251300
2015-09-03,7.21,7.65,7.16,7.3,7.3,67300
2015-09-04,7.2,7.84,7.2,7.73,7.73,90300
2015-09-08,7.72,7.72,7.12,7.26,7.26,102800
2015-09-09,7.46,7.47,7.07,7.19,7.19,125300
2015-09-10,6.99,7.25,6.82,7.19,7.19,104300
2015-09-11,7.16,7.16,6.91,7.12,7.12,48500
2015-09-14,7.11,7.12,6.89,6.94,6.94,42100
2015-09-15,7.01,7.01,6.5,6.61,6.61,125200
2015-09-16,6.58,6.96,6.53,6.74,6.74,54400
2015-09-17,6.69,7.31,6.69,7.01,7.01,70300
2015-09-18,6.92,7.4,6.9,7.4,7.4,89900
2015-09-21,7.37,7.41,6.95,7.24,7.24,127800
2015-09-22,7.14,7.14,6.92,6.98,6.98,41100
2015-09-23,6.95,7.12,6.63,6.8,6.8,53300
2015-09-24,6.65,6.69,6.26,6.44,6.44,81900
2015-09-25,6.78,6.86,6.3,6.4,6.4,95300
2015-09-28,6.17,6.34,5.98,6.07,6.07,120000
2015-09-29,5.98,6.08,5.84,5.84,5.84,40000
2015-09-30,5.9,6.33,5.9,6.23,6.23,64800
2015-10-01,6.25,6.6,6.16,6.5,6.5,54300
2015-10-02,6.44,6.73,6.12,6.59,6.59,43200
2015-10-05,6.68,6.83,6.59,6.82,6.82,40100
2015-10-06,6.78,6.87,6.65,6.72,6.72,30200
2015-10-07,6.77,6.9,6.7,6.74,6.74,41500
2015-10-08,6.76,6.97,6.76,6.9,6.9,60800
2015-10-09,6.87,7.11,6.87,6.99,6.99,35900
2015-10-12,7.07,7.24,7.07,7.18,7.18,69200
2015-10-13,7.25,7.39,7.01,7.23,7.23,90100
2015-10-14,7.1,7.35,6.91,7.02,7.02,143400
2015-10-15,7.05,7.14,6.68,7.14,7.14,70300
2015-10-16,7.1,7.1,6.79,6.96,6.96,85200
2015-10-19,6.96,7.18,6.76,6.84,6.84,48100
2015-10-20,6.88,7.0,6.18,6.35,6.35,189700
2015-10-21,6.35,6.5,6.14,6.15,6.15,76900
2015-10-22,6.23,6.37,6.1,6.12,6.12,37800
2015-10-23,6.2,6.34,6.07,6.09,6.09,43400
2015-10-26,6.09,6.25,5.67,5.69,5.69,97100
2015-10-27,5.74,5.81,5.45,5.51,5.51,70000
2015-10-28,5.55,5.9,5.53,5.76,5.76,83600
2015-10-29,5.8,6.14,5.79,5.83,5.83,105800
2015-10-30,5.83,5.86,5.52,5.7,5.7,59900
2015-11-02,5.73,6.0,5.67,5.85,5.85,28200
2015-11-03,5.83,6.06,5.74,5.95,5.95,88600
2015-11-04,6.0,6.08,5.85,5.88,5.88,71500
2015-11-05,5.85,5.99,5.74,5.94,5.94,58100
2015-11-06,5.91,6.14,5.79,6.05,6.05,38800
2015-11-09,6.06,6.17,5.89,6.04,6.04,88000
2015-11-10,5.98,6.0,5.75,5.9,5.9,81600
2015-11-11,6.09,7.68,5.91,7.51,7.51,1109700
2015-11-12,5.71,6.09,5.25,5.84,5.84,527700
2015-11-13,5.51,5.51,5.16,5.48,5.48,212500
2015-11-16,5.55,5.74,5.28,5.42,5.42,166500
2015-11-17,5.39,5.46,4.25,4.35,4.35,514100
2015-11-18,4.35,4.65,4.15,4.29,4.29,198200
2015-11-19,4.29,4.3,4.05,4.08,4.08,104500
2015-11-20,4.1,4.14,3.87,3.99,3.99,158800
2015-11-23,3.99,4.31,3.84,4.18,4.18,175800
2015-11-24,4.16,4.74,4.1,4.63,4.63,173600
2015-11-25,4.95,4.95,4.57,4.74,4.74,204900
2015-11-27,4.78,4.78,4.25,4.27,4.27,81800
2015-11-30,4.27,4.79,4.27,4.58,4.58,97900
2015-12-01,4.7,4.7,4.5,4.59,4.59,65700
2015-12-02,4.56,4.7,4.5,4.59,4.59,45400
2015-12-03,4.59,4.59,4.35,4.5,4.5,43000
2015-12-04,4.43,4.43,4.15,4.26,4.26,85300
2015-12-07,4.23,4.53,4.14,4.15,4.15,56600
2015-12-08,4.08,4.25,4.04,4.15,4.15,73100
2015-12-09,4.15,4.65,4.14,4.64,4.64,160300
2015-12-10,5.7,5.78,5.01,5.34,5.34,534100
2015-12-11,5.3,5.71,5.05,5.62,5.62,265900
2015-12-14,5.7,5.7,5.28,5.37,5.37,158100
2015-12-15,5.37,5.49,5.25,5.44,5.44,134700
2015-12-16,5.43,5.65,5.43,5.47,5.47,54100
2015-12-17,5.54,7.15,5.54,6.78,6.78,406300
2015-12-18,6.95,8.0,6.5,6.8,6.8,533400
2015-12-21,6.85,7.8,6.85,7.46,7.46,313500
2015-12-22,7.9,9.0,7.51,7.9,7.9,733800
2015-12-23,8.1,8.19,7.16,7.31,7.31,259000
2015-12-24,7.26,7.37,6.66,7.07,7.07,173300
2015-12-28,7.06,7.19,6.71,6.77,6.77,89700
2015-12-29,6.75,7.2,6.75,6.91,6.91,112400
2015-12-30,6.93,7.25,6.73,6.8,6.8,135000
2015-12-31,6.82,6.82,6.21,6.32,6.32,132100
2016-01-04,6.09,6.25,6.02,6.2,6.2,69000
2016-01-05,6.14,6.26,6.05,6.11,6.11,43500
2016-01-06,6.16,6.25,6.06,6.17,6.17,31500
2016-01-07,6.15,6.17,5.51,5.69,5.69,167100
2016-01-08,5.69,6.06,5.5,5.79,5.79,83200
2016-01-11,6.01,6.01,5.56,5.64,5.64,63900
2016-01-12,5.64,6.14,5.64,5.95,5.95,104100
2016-01-13,6.03,6.07,5.63,5.64,5.64,57000
2016-01-14,5.62,5.75,5.47,5.54,5.54,92000
2016-01-15,6.14,6.47,5.59,5.95,5.95,332600
2016-01-19,6.22,7.06,6.2,6.48,6.48,207400
2016-01-20,6.57,6.57,6.03,6.27,6.27,83500
2016-01-21,6.14,6.79,6.07,6.57,6.57,58400
2016-01-22,6.54,6.82,6.52,6.75,6.75,67500
2016-01-25,6.71,6.86,6.62,6.73,6.73,134800
2016-01-26,6.79,6.85,6.22,6.3,6.3,92500
2016-01-27,6.33,6.4,5.91,5.96,5.96,117000
2016-01-28,5.95,5.95,5.6,5.65,5.65,99400
2016-01-29,5.69,5.95,5.69,5.71,5.71,35000
2016-02-01,5.76,6.45,5.76,6.07,6.07,47600
2016-02-02,6.08,6.25,5.86,6.07,6.07,111900
2016-02-03,6.33,6.33,5.8,5.97,5.97,46600
2016-02-04,5.96,6.12,5.75,5.94,5.94,67600
2016-02-05,5.86,5.97,5.63,5.82,5.82,42200
2016-02-08,5.78,5.85,5.43,5.59,5.59,75800
2016-02-09,5.6,5.79,5.41,5.62,5.62,53800
2016-02-10,5.63,5.64,5.41,5.49,5.49,27000
2016-02-11,5.46,5.46,4.94,5.22,5.22,62800
2016-02-12,5.22,5.22,4.92,5.07,5.07,67700
2016-02-16,5.12,5.43,5.01,5.43,5.43,59500
2016-02-17,5.37,5.62,5.22,5.6,5.6,52000
2016-02-18,5.6,5.63,5.31,5.36,5.36,65200
2016-02-19,5.3,5.61,5.17,5.51,5.51,31900
2016-02-22,5.62,6.1,5.49,5.89,5.89,91700
2016-02-23,5.89,6.09,5.82,5.92,5.92,21600
2016-02-24,5.8,6.16,5.8,6.16,6.16,38800
2016-02-25,6.16,6.58,6.13,6.44,6.44,162100
2016-02-26,6.47,6.75,6.34,6.34,6.34,84000
2016-02-29,6.39,6.67,6.33,6.48,6.48,54900
2016-03-01,6.51,6.7,6.16,6.42,6.42,89800
2016-03-02,6.46,6.5,6.12,6.47,6.47,58700
2016-03-03,6.43,6.8,6.33,6.56,6.56,69200
2016-03-04,6.61,6.78,6.35,6.36,6.36,39900
2016-03-07,6.43,6.72,6.03,6.26,6.26,178400
2016-03-08,6.02,6.26,5.19,5.3,5.3,226600
2016-03-09,5.28,5.7,5.06,5.5,5.5,311600
2016-03-10,5.61,5.67,5.15,5.15,5.15,158900
2016-03-11,5.22,5.49,5.05,5.31,5.31,49400
2016-03-14,5.28,5.42,5.08,5.11,5.11,140400
2016-03-15,5.25,5.26,4.68,4.87,4.87,159900
2016-03-16,4.87,4.92,4.68,4.76,4.76,41100
2016-03-17,4.75,4.85,4.7,4.72,4.72,57600
2016-03-18,4.75,5.0,4.71,4.97,4.97,79800
2016-03-21,4.93,5.09,4.91,5.06,5.06,50100
2016-03-22,5.06,5.18,4.93,5.08,5.08,40500
2016-03-23,5.01,5.15,4.68,4.73,4.73,109800
2016-03-24,4.7,4.79,4.61,4.78,4.78,21300
2016-03-28,4.78,5.09,4.74,5.0,5.0,62600
2016-03-29,5.0,5.08,4.86,5.03,5.03,24000
2016-03-30,5.09,5.09,4.89,4.99,4.99,41500
2016-03-31,5.01,5.65,4.84,4.95,4.95,788800
2016-04-01,4.91,5.09,4.79,4.79,4.79,159600
2016-04-04,4.82,4.89,4.45,4.46,4.46,119100
2016-04-05,4.45,4.65,4.44,4.52,4.52,46300
2016-04-06,4.52,4.69,4.36,4.69,4.69,48700
2016-04-07,4.61,4.64,4.35,4.46,4.46,54300
2016-04-08,4.52,4.52,4.25,4.38,4.38,59800
2016-04-11,4.42,4.48,4.25,4.39,4.39,29600
2016-04-12,4.36,4.42,4.3,4.36,4.36,43700
2016-04-13,4.37,4.83,4.31,4.55,4.55,96700
2016-04-14,4.59,4.65,4.5,4.65,4.65,31000
2016-04-15,4.61,4.75,4.55,4.55,4.55,38400
2016-04-18,4.47,4.63,4.47,4.52,4.52,28500
2016-04-19,4.51,4.6,4.5,4.6,4.6,22700
2016-04-20,4.58,4.59,4.45,4.51,4.51,27800
2016-04-21,4.47,4.58,4.41,4.44,4.44,40700
2016-04-22,4.49,4.49,4.35,4.36,4.36,42300
2016-04-25,4.3,4.44,4.3,4.35,4.35,22300
2016-04-26,4.37,4.49,4.37,4.41,4.41,26300
2016-04-27,4.42,4.42,4.32,4.38,4.38,21800
2016-04-28,4.4,4.49,4.36,4.45,4.45,16000
2016-04-29,4.41,4.49,4.33,4.42,4.42,12600
2016-05-02,4.42,4.45,4.35,4.42,4.42,21900
2016-05-03,4.34,4.37,4.33,4.33,4.33,11900
2016-05-04,4.34,4.4,4.32,4.32,4.32,29700
2016-05-05,4.37,4.42,4.25,4.25,4.25,25300
2016-05-06,4.28,4.28,4.17,4.19,4.19,15100
2016-05-09,4.17,4.28,3.99,3.99,3.99,66300
2016-05-10,4.0,4.19,4.0,4.13,4.13,65200
2016-05-11,3.94,4.18,3.94,4.04,4.04,58000
2016-05-12,4.04,4.12,3.9,3.92,3.92,29200
2016-05-13,3.92,3.93,3.51,3.65,3.65,134000
2016-05-16,3.58,3.8,3.58,3.62,3.62,33200
2016-05-17,3.64,3.83,3.56,3.65,3.65,38400
2016-05-18,3.6,3.79,3.57,3.68,3.68,20800
2016-05-19,3.62,3.73,3.54,3.57,3.57,37700
2016-05-20,3.55,3.68,3.53,3.57,3.57,21300
2016-05-23,3.6,3.67,3.58,3.61,3.61,15800
2016-05-24,3.63,3.66,3.52,3.66,3.66,49700
2016-05-25,3.64,3.68,3.51,3.63,3.63,56400
2016-05-26,3.63,3.7,3.59,3.64,3.64,44900
2016-05-27,3.65,3.68,3.55,3.56,3.56,15200
2016-05-31,3.6,3.75,3.6,3.65,3.65,46800
2016-06-01,3.67,3.74,3.65,3.67,3.67,19900
2016-06-02,3.69,3.73,3.58,3.58,3.58,16700
2016-06-03,3.64,3.71,3.56,3.56,3.56,30200
2016-06-06,3.62,3.67,3.54,3.62,3.62,15200
2016-06-07,3.62,3.7,3.62,3.66,3.66,29300
2016-06-08,3.66,4.26,3.66,4.11,4.11,183600
2016-06-09,4.1,4.1,3.65,3.72,3.72,49900
2016-06-10,3.8,3.81,3.6,3.65,3.65,29900
2016-06-13,3.62,3.85,3.6,3.8,3.8,27700
2016-06-14,3.74,3.87,3.7,3.8,3.8,9200
2016-06-15,3.76,3.82,3.74,3.75,3.75,16300
2016-06-16,3.74,3.74,3.63,3.72,3.72,12400
2016-06-17,3.72,3.91,3.72,3.85,3.85,25500
2016-06-20,3.86,3.96,3.86,3.86,3.86,29600
2016-06-21,3.91,3.95,3.69,3.9,3.9,28000
2016-06-22,3.92,3.92,3.73,3.84,3.84,14200
2016-06-23,3.94,3.96,3.78,3.81,3.81,29800
2016-06-24,3.76,3.87,3.61,3.61,3.61,40800
2016-06-27,3.65,3.75,3.53,3.66,3.66,32600
2016-06-28,3.69,3.7,3.64,3.65,3.65,17700
2016-06-29,3.65,3.74,3.6,3.64,3.64,23700
2016-06-30,3.64,3.95,3.64,3.88,3.88,88200
2016-07-01,3.94,4.0,3.86,3.98,3.98,22200
2016-07-05,3.98,3.99,3.73,3.82,3.82,35100
2016-07-06,3.82,3.83,3.72,3.76,3.76,15000
2016-07-07,3.83,4.49,3.8,4.13,4.13,263400
2016-07-08,5.18,7.23,4.91,6.69,6.69,12785900
2016-07-11,6.38,6.48,5.33,5.48,5.48,2636200
2016-07-12,5.32,5.46,5.01,5.23,5.23,1223900
2016-07-13,5.3,6.23,5.09,5.99,5.99,2348900
2016-07-14,5.77,6.13,5.49,5.54,5.54,778600
2016-07-15,5.49,5.95,5.2,5.34,5.34,1025300
2016-07-18,6.1,7.07,5.82,5.98,5.98,5434700
2016-07-19,5.95,5.97,5.56,5.82,5.82,557000
2016-07-20,5.87,6.34,5.66,6.11,6.11,792800
2016-07-21,5.97,6.32,5.96,6.11,6.11,467100
2016-07-22,6.0,6.25,5.83,6.16,6.16,414200
2016-07-25,6.27,6.28,5.7,5.75,5.75,379600
2016-07-26,5.73,5.75,5.5,5.66,5.66,246500
2016-07-27,5.59,5.74,5.46,5.61,5.61,98100
2016-07-28,5.61,5.92,5.6,5.85,5.85,117200
2016-07-29,5.78,6.34,5.75,5.95,5.95,415400
2016-08-01,5.84,5.97,5.65,5.89,5.89,128600
2016-08-02,6.08,6.09,5.65,5.69,5.69,207100
2016-08-03,5.61,5.81,5.5,5.63,5.63,72900
2016-08-04,5.56,5.7,5.51,5.68,5.68,115600
2016-08-05,5.7,5.72,5.6,5.68,5.68,104900
2016-08-08,5.17,5.25,4.8,5.17,5.17,526200
2016-08-09,5.15,5.15,4.91,5.11,5.11,132900
2016-08-10,5.06,5.08,4.9,5.01,5.01,67900
2016-08-11,5.01,5.25,4.91,5.17,5.17,51500
2016-08-12,5.14,5.34,5.11,5.27,5.27,93300
2016-08-15,5.35,5.7,5.32,5.52,5.52,188600
2016-08-16,5.56,5.69,5.39,5.43,5.43,71700
2016-08-17,5.53,5.65,5.3,5.56,5.56,83500
2016-08-18,6.42,6.99,5.95,6.27,6.27,2051800
2016-08-19,6.31,6.37,6.05,6.13,6.13,313400
2016-08-22,6.18,6.75,6.12,6.29,6.29,333500
2016-08-23,6.3,6.68,6.3,6.41,6.41,176200
2016-08-24,6.34,6.41,6.05,6.18,6.18,98500
2016-08-25,6.08,6.37,6.08,6.27,6.27,48700
2016-08-26,6.25,6.33,6.07,6.09,6.09,54100
2016-08-29,6.1,6.3,6.09,6.16,6.16,46000
2016-08-30,6.09,6.19,5.56,6.1,6.1,72800
2016-08-31,6.05,6.18,5.8,6.04,6.04,64300
2016-09-01,5.94,6.12,5.77,5.87,5.87,46800
2016-09-02,5.9,5.93,5.76,5.86,5.86,33900
2016-09-06,5.84,6.06,5.8,6.0,6.0,80800
2016-09-07,5.93,6.0,5.77,5.89,5.89,125700
2016-09-08,5.8,5.98,5.75,5.88,5.88,35200
2016-09-09,5.92,6.07,5.67,5.83,5.83,150800
2016-09-12,5.7,5.7,5.5,5.56,5.56,112200
2016-09-13,5.53,5.76,5.39,5.58,5.58,49300
2016-09-14,5.58,5.75,5.26,5.31,5.31,69400
2016-09-15,5.3,5.65,5.3,5.59,5.59,61100
2016-09-16,5.54,5.7,5.43,5.69,5.69,53800
2016-09-19,5.78,5.93,5.72,5.89,5.89,37600
2016-09-20,6.13,6.13,5.6,5.98,5.98,71500
2016-09-21,6.09,6.3,5.93,6.12,6.12,82200
2016-09-22,6.24,6.3,6.06,6.2,6.2,80500
2016-09-23,6.25,6.25,5.75,6.04,6.04,37500
2016-09-26,5.96,6.28,5.96,6.03,6.03,140500
2016-09-27,6.07,6.07,5.72,5.83,5.83,74200
2016-09-28,5.93,6.08,5.84,6.06,6.06,41600
2016-09-29,6.07,6.1,5.86,5.88,5.88,48000
2016-09-30,5.93,6.08,5.81,5.94,5.94,63700
2016-10-03,5.86,6.1,5.61,5.81,5.81,79300
2016-10-04,5.83,6.1,5.61,5.74,5.74,61300
2016-10-05,5.71,5.98,5.66,5.79,5.79,68900
2016-10-06,5.82,5.82,5.69,5.77,5.77,14600
2016-10-07,5.71,5.85,5.63,5.66,5.66,20000
2016-10-10,5.63,5.78,5.59,5.61,5.61,32800
2016-10-11,5.65,5.66,5.5,5.57,5.57,27700
2016-10-12,5.6,5.6,5.5,5.53,5.53,30300
2016-10-13,5.5,5.55,5.4,5.41,5.41,25500
2016-10-14,6.0,6.1,5.55,5.67,5.67,300400
2016-10-17,5.85,5.85,5.57,5.65,5.65,39400
2016-10-18,5.65,5.8,5.5,5.7,5.7,25500
2016-10-19,5.65,5.8,5.57,5.66,5.66,31200
2016-10-20,5.6,5.74,5.6,5.65,5.65,16700
2016-10-21,5.8,5.8,5.7,5.7,5.7,20800
2016-10-24,5.85,6.45,5.8,6.4,6.4,254400
2016-10-25,6.4,6.45,6.02,6.1,6.1,132200
2016-10-26,6.1,6.25,6.0,6.1,6.1,47900
2016-10-27,6.1,6.15,5.85,5.85,5.85,96100
2016-10-28,5.85,6.05,5.6,5.6,5.6,78900
2016-10-31,5.6,5.7,5.6,5.6,5.6,25900
2016-11-01,5.7,5.76,5.5,5.5,5.5,31200
2016-11-02,5.6,5.6,5.5,5.5,5.5,23700
2016-11-03,5.54,5.6,5.3,5.45,5.45,66700
2016-11-04,5.4,5.45,5.0,5.05,5.05,94400
2016-11-07,5.2,5.3,4.8,4.8,4.8,78400
2016-11-08,4.8,5.0,4.8,5.0,5.0,41400
2016-11-09,5.0,5.1,4.8,4.9,4.9,50400
2016-11-10,4.85,5.25,4.85,5.15,5.15,88500
2016-11-11,5.2,5.55,4.9,5.35,5.35,107700
2016-11-14,5.45,5.62,5.35,5.6,5.6,43600
2016-11-15,5.55,5.55,5.29,5.5,5.5,64100
2016-11-16,5.4,5.5,5.1,5.1,5.1,40600
2016-11-17,5.25,5.3,5.15,5.15,5.15,20900
2016-11-18,5.2,5.2,4.9,5.0,5.0,70300
2016-11-21,5.05,5.25,5.0,5.1,5.1,42500
2016-11-22,5.2,5.2,4.95,5.1,5.1,34700
2016-11-23,5.05,5.14,4.9,5.05,5.05,49800
2016-11-25,5.1,5.1,5.0,5.1,5.1,9500
2016-11-28,5.0,5.15,5.0,5.05,5.05,13500
2016-11-29,5.0,5.05,4.9,5.03,5.03,28600
2016-11-30,5.05,5.05,4.95,4.95,4.95,42400
2016-12-01,4.95,5.02,4.85,5.0,5.0,57100
2016-12-02,5.05,5.09,4.8,4.8,4.8,43100
2016-12-05,4.8,5.1,4.8,5.1,5.1,38100
2016-12-06,5.05,5.05,4.85,5.0,5.0,33500
2016-12-07,5.05,5.05,4.9,4.95,4.95,18100
2016-12-08,4.95,4.95,4.8,4.8,4.8,38400
2016-12-09,4.85,4.85,4.75,4.78,4.78,30500
2016-12-12,4.8,4.8,4.45,4.45,4.45,66000
2016-12-13,4.5,4.6,4.5,4.55,4.55,18800
2016-12-14,4.51,4.52,4.2,4.2,4.2,66300
2016-12-15,4.2,4.4,4.2,4.25,4.25,26700
2016-12-16,4.25,4.45,4.25,4.4,4.4,30700
2016-12-19,4.35,4.49,4.35,4.4,4.4,50300
2016-12-20,4.4,4.4,4.05,4.25,4.25,64300
2016-12-21,4.25,4.55,4.17,4.3,4.3,45400
2016-12-22,4.2,4.35,4.1,4.15,4.15,33000
2016-12-23,4.1,4.4,4.1,4.3,4.3,66900
2016-12-27,4.3,4.55,4.25,4.4,4.4,56000
2016-12-28,4.35,4.45,4.3,4.3,4.3,24800
2016-12-29,4.3,4.34,4.15,4.15,4.15,63600
2016-12-30,4.15,4.24,4.15,4.2,4.2,59300
2017-01-03,4.25,4.25,3.75,4.2,4.2,144100
2017-01-04,4.25,4.25,4.0,4.1,4.1,42400
2017-01-05,4.1,4.25,4.08,4.25,4.25,56800
2017-01-06,4.15,4.22,4.15,4.15,4.15,11500
2017-01-09,4.2,4.2,4.05,4.2,4.2,25700
2017-01-10,4.16,4.2,4.13,4.16,4.16,6900
2017-01-11,4.2,4.35,4.11,4.35,4.35,147400
2017-01-12,4.35,4.35,4.05,4.1,4.1,40600
2017-01-13,4.2,4.2,4.1,4.1,4.1,32000
2017-01-17,4.25,4.35,4.15,4.25,4.25,76900
2017-01-18,4.3,4.3,4.2,4.22,4.22,10700
2017-01-19,4.25,4.8,4.25,4.7,4.7,334100
2017-01-20,4.8,5.35,4.8,5.15,5.15,336100
2017-01-23,5.2,5.29,4.76,5.1,5.1,146200
2017-01-24,5.15,5.2,4.9,5.0,5.0,59200
2017-01-25,5.0,5.0,4.8,4.9,4.9,41200
2017-01-26,4.9,4.95,4.6,4.6,4.6,46800
2017-01-27,4.6,4.85,4.6,4.7,4.7,26500
2017-01-30,5.0,6.0,5.0,5.75,5.75,923800
2017-01-31,5.8,5.8,5.4,5.45,5.45,226000
2017-02-01,5.4,5.68,5.05,5.15,5.15,196800
2017-02-02,5.2,5.3,5.05,5.05,5.05,78300
2017-02-03,5.0,5.2,5.0,5.1,5.1,28500
2017-02-06,5.1,5.1,4.9,4.9,4.9,64500
2017-02-07,4.9,5.0,4.55,4.6,4.6,91700
2017-02-08,4.7,4.87,4.6,4.85,4.85,51500
2017-02-09,4.77,5.0,4.75,4.95,4.95,53400
2017-02-10,5.0,5.0,4.75,4.8,4.8,49500
2017-02-13,4.95,4.95,4.65,4.75,4.75,53300
2017-02-14,4.7,4.73,4.45,4.6,4.6,141500
2017-02-15,4.6,4.65,4.4,4.65,4.65,89100
2017-02-16,4.6,4.88,4.6,4.8,4.8,56000
2017-02-17,4.7,4.85,4.6,4.7,4.7,32200
2017-02-21,4.65,4.9,4.6,4.85,4.85,76800
2017-02-22,4.75,5.0,4.6,4.8,4.8,71500
2017-02-23,4.7,4.8,4.67,4.8,4.8,27800
2017-02-24,4.88,4.94,4.65,4.65,4.65,31300
2017-02-27,4.9,4.9,4.65,4.75,4.75,22100
2017-02-28,4.75,4.83,4.65,4.65,4.65,35900
2017-03-01,4.75,4.8,4.65,4.75,4.75,44200
2017-03-02,4.6,4.75,4.55,4.7,4.7,60100
2017-03-03,4.6,4.7,4.6,4.65,4.65,24700
2017-03-06,4.7,4.7,4.6,4.65,4.65,37500
2017-03-07,4.8,4.8,4.45,4.47,4.47,63300
2017-03-08,4.45,4.55,4.4,4.4,4.4,52500
2017-03-09,4.45,4.55,4.35,4.45,4.45,49300
2017-03-10,4.4,4.4,4.3,4.3,4.3,70200
2017-03-13,4.45,4.45,4.15,4.4,4.4,33100
2017-03-14,4.3,4.4,4.25,4.25,4.25,22100
2017-03-15,4.35,4.35,4.15,4.2,4.2,58900
2017-03-16,4.3,4.3,4.1,4.15,4.15,28700
2017-03-17,4.2,4.3,4.1,4.2,4.2,46000
2017-03-20,4.25,4.3,4.1,4.1,4.1,70900
2017-03-21,4.1,4.17,3.9,4.0,4.0,77600
2017-03-22,3.9,4.25,3.85,4.05,4.05,66300
2017-03-23,4.15,4.2,4.1,4.13,4.13,10900
2017-03-24,4.15,4.25,4.05,4.11,4.11,23700
2017-03-27,4.15,4.7,4.15,4.6,4.6,159000
2017-03-28,4.0,4.4,3.9,4.2,4.2,201900
2017-03-29,4.1,4.3,4.1,4.2,4.2,45000
2017-03-30,4.16,4.25,4.16,4.25,4.25,47400
2017-03-31,4.15,4.3,4.15,4.3,4.3,34900
2017-04-03,4.25,4.3,4.25,4.25,4.25,33000
2017-04-04,4.1,4.3,4.1,4.25,4.25,31300
2017-04-05,4.2,4.45,4.1,4.2,4.2,186200
2017-04-06,4.1,4.25,3.95,4.0,4.0,105900
2017-04-07,4.0,4.1,3.95,3.95,3.95,87600
2017-04-10,3.9,3.98,3.85,3.85,3.85,26600
2017-04-11,3.9,4.05,3.85,3.95,3.95,40500
2017-04-12,4.05,4.1,3.9,3.93,3.93,20800
2017-04-13,3.9,4.0,3.85,3.85,3.85,52200
2017-04-17,3.9,4.0,3.9,3.9,3.9,24000
2017-04-18,3.95,4.15,3.9,4.05,4.05,23600
2017-04-19,4.0,4.1,4.0,4.05,4.05,11300
2017-04-20,4.1,4.1,3.85,4.05,4.05,38000
2017-04-21,4.0,4.1,3.95,4.1,4.1,13300
2017-04-24,4.1,4.15,4.05,4.1,4.1,20800
2017-04-25,4.1,4.2,4.0,4.0,4.0,40500
2017-04-26,4.1,4.25,4.08,4.25,4.25,39800
2017-04-27,4.5,4.5,4.2,4.25,4.25,42700
2017-04-28,4.2,4.2,4.0,4.2,4.2,11900
2017-05-01,4.15,4.16,4.1,4.15,4.15,10300
2017-05-02,4.15,4.3,4.1,4.15,4.15,15100
2017-05-03,4.15,4.2,4.05,4.05,4.05,17800
2017-05-04,4.1,4.1,3.98,4.0,4.0,33100
2017-05-05,4.0,4.08,3.95,4.05,4.05,14000
2017-05-08,4.08,4.1,4.0,4.0,4.0,10000
2017-05-09,4.05,4.1,4.0,4.0,4.0,24600
2017-05-10,4.05,4.1,4.0,4.1,4.1,17400
2017-05-11,4.08,4.15,4.0,4.05,4.05,20600
2017-05-12,4.05,4.15,4.0,4.15,4.15,35000
2017-05-15,4.15,4.15,3.9,4.0,4.0,78300
2017-05-16,4.0,4.7,3.8,4.26,4.26,745500
2017-05-17,4.0,4.15,3.85,3.9,3.9,180600
2017-05-18,3.95,3.95,3.85,3.9,3.9,38200
2017-05-19,3.85,4.02,3.75,3.85,3.85,63900
2017-05-22,3.75,3.9,3.6,3.7,3.7,127500
2017-05-23,3.75,3.8,3.65,3.65,3.65,57900
2017-05-24,3.65,3.8,3.65,3.75,3.75,62400
2017-05-25,3.75,3.8,3.65,3.75,3.75,51600
2017-05-26,3.7,3.75,3.65,3.65,3.65,45300
2017-05-30,3.65,3.7,3.6,3.65,3.65,45500
2017-05-31,3.65,3.7,3.6,3.7,3.7,29700
2017-06-01,3.75,3.85,3.69,3.7,3.7,50000
2017-06-02,3.75,3.85,3.65,3.7,3.7,19900
2017-06-05,3.75,3.8,3.7,3.75,3.75,7600
2017-06-06,3.75,3.95,3.7,3.9,3.9,46500
2017-06-07,3.95,4.0,3.7,3.85,3.85,37800
2017-06-08,3.8,3.85,3.75,3.8,3.8,4300
2017-06-09,3.9,3.91,3.8,3.8,3.8,29600
2017-06-12,3.85,3.93,3.7,3.7,3.7,25400
2017-06-13,3.85,3.95,3.7,3.85,3.85,22000
2017-06-14,3.85,3.85,3.75,3.85,3.85,13100
2017-06-15,3.9,3.9,3.75,3.85,3.85,15600
2017-06-16,3.8,3.85,3.75,3.85,3.85,17000
2017-06-19,3.8,3.9,3.75,3.9,3.9,29300
2017-06-20,3.85,3.92,3.75,3.75,3.75,32100
2017-06-21,3.75,3.75,3.75,3.75,3.75,14900
2017-06-22,3.75,3.8,3.6,3.61,3.61,32400
2017-06-23,3.6,3.7,3.45,3.45,3.45,71900
2017-06-26,3.5,3.51,3.25,3.35,3.35,87000
2017-06-27,3.35,3.35,2.95,3.03,3.03,177100
2017-06-28,3.0,3.2,3.0,3.15,3.15,67000
2017-06-29,3.15,3.25,3.15,3.2,3.2,18100
2017-06-30,3.15,3.2,3.0,3.1,3.1,33800
2017-07-03,3.1,3.2,3.1,3.15,3.15,15900
2017-07-05,3.15,3.2,3.1,3.1,3.1,22400
2017-07-06,3.1,3.25,3.1,3.25,3.25,40900
2017-07-07,4.8,4.95,4.05,4.2,4.2,3519800
2017-07-10,4.05,4.2,3.65,3.85,3.85,395800
2017-07-11,3.8,4.1,3.8,4.05,4.05,186200
2017-07-12,4.1,4.1,3.75,3.9,3.9,84600
2017-07-13,3.9,3.9,3.65,3.8,3.8,37800
2017-07-14,3.9,3.9,3.7,3.7,3.7,47100
2017-07-17,3.8,3.8,3.6,3.6,3.6,69400
2017-07-18,3.7,3.7,3.5,3.6,3.6,78100
2017-07-19,3.55,3.55,3.45,3.5,3.5,29000
2017-07-20,3.45,3.54,3.45,3.5,3.5,25600
2017-07-21,3.45,3.5,3.35,3.45,3.45,19300
2017-07-24,3.48,3.65,3.45,3.6,3.6,47900
2017-07-25,3.6,3.65,3.5,3.6,3.6,14600
2017-07-26,3.65,3.8,3.61,3.75,3.75,53800
2017-07-27,3.7,3.8,3.55,3.6,3.6,26800
2017-07-28,3.6,3.6,3.5,3.55,3.55,21500
2017-07-31,3.55,3.55,3.45,3.45,3.45,20900
2017-08-01,3.5,3.61,3.5,3.55,3.55,7600
2017-08-02,3.56,3.6,3.4,3.5,3.5,40700
2017-08-03,3.55,3.9,3.45,3.65,3.65,211400
2017-08-04,3.4,3.55,3.4,3.45,3.45,52500
2017-08-07,3.45,3.7,3.4,3.4,3.4,91200
2017-08-08,3.4,3.5,3.35,3.35,3.35,33000
2017-08-09,3.35,3.4,3.15,3.2,3.2,35600
2017-08-10,3.25,3.25,3.15,3.15,3.15,31400
2017-08-11,3.15,3.19,2.9,2.95,2.95,62300
2017-08-14,3.0,3.15,2.95,3.05,3.05,67100
2017-08-15,2.7,3.03,2.7,3.0,3.0,110200
2017-08-16,3.15,3.35,3.07,3.35,3.35,92300
2017-08-17,3.35,3.48,3.1,3.4,3.4,38400
2017-08-18,3.45,3.49,3.25,3.35,3.35,51400
2017-08-21,3.15,3.15,2.8,3.0,3.0,286400
2017-08-22,3.05,3.05,2.9,3.0,3.0,66400
2017-08-23,3.0,3.0,2.85,3.0,3.0,142800
2017-08-24,3.0,3.0,2.85,2.95,2.95,21300
2017-08-25,2.95,2.99,2.85,2.95,2.95,25600
2017-08-28,2.95,3.0,2.85,2.85,2.85,42800
2017-08-29,2.85,2.9,2.85,2.85,2.85,17600
2017-08-30,2.9,2.95,2.85,2.9,2.9,20000
2017-08-31,2.9,2.95,2.85,2.85,2.85,24100
2017-09-01,2.85,2.95,2.85,2.9,2.9,17800
2017-09-05,2.9,2.9,2.85,2.85,2.85,12200
2017-09-06,2.9,2.9,2.85,2.85,2.85,8900
2017-09-07,2.85,2.88,2.8,2.8,2.8,33500
2017-09-08,2.85,2.89,2.8,2.8,2.8,13600
2017-09-11,2.8,2.9,2.8,2.83,2.83,29800
2017-09-12,2.8,2.9,2.8,2.9,2.9,23600
2017-09-13,2.85,2.95,2.85,2.9,2.9,36200
2017-09-14,2.91,3.04,2.85,2.85,2.85,86000
2017-09-15,2.85,2.9,2.8,2.9,2.9,40600
2017-09-18,2.9,2.93,2.8,2.9,2.9,16800
2017-09-19,2.85,2.9,2.8,2.8,2.8,17500
2017-09-20,2.8,2.85,2.75,2.75,2.75,41300
2017-09-21,2.75,2.76,2.7,2.7,2.7,27700
2017-09-22,2.75,2.75,2.7,2.7,2.7,34400
2017-09-25,2.7,2.75,2.6,2.6,2.6,59600
2017-09-26,2.6,2.69,2.6,2.65,2.65,59500
2017-09-27,2.65,2.65,2.55,2.55,2.55,71700
2017-09-28,2.55,2.65,2.55,2.6,2.6,32200
2017-09-29,2.6,2.6,2.15,2.4,2.4,91800
2017-10-02,2.4,2.49,2.4,2.4,2.4,42700
2017-10-03,2.45,2.49,2.4,2.42,2.42,21200
2017-10-04,2.4,2.45,2.4,2.4,2.4,49700
2017-10-05,2.4,2.45,2.4,2.4,2.4,19400
2017-10-06,2.35,2.5,2.3,2.45,2.45,67800
2017-10-09,2.4,2.4,2.35,2.35,2.35,17100
2017-10-10,2.4,2.4,2.3,2.3,2.3,26600
2017-10-11,2.3,2.35,2.3,2.3,2.3,18900
2017-10-12,2.3,2.4,2.3,2.35,2.35,20200
2017-10-13,2.35,2.4,2.35,2.35,2.35,31200
2017-10-16,2.35,2.4,2.25,2.25,2.25,56000
2017-10-17,2.25,2.3,2.2,2.2,2.2,54200
2017-10-18,2.2,2.31,2.2,2.2,2.2,72000
2017-10-19,2.2,2.25,2.2,2.2,2.2,17500
2017-10-20,3.05,3.5,2.6,2.65,2.65,5525200
2017-10-23,2.65,2.7,2.25,2.35,2.35,456400
2017-10-24,2.35,2.35,2.2,2.25,2.25,172600
2017-10-25,2.2,2.2,1.95,1.95,1.95,302900
2017-10-26,2.15,2.15,1.95,2.0,2.0,169600
2017-10-27,2.05,2.05,1.85,1.9,1.9,166900
2017-10-30,1.9,1.92,1.8,1.85,1.85,116500
2017-10-31,1.85,1.9,1.75,1.83,1.83,129700
2017-11-01,1.8,1.9,1.8,1.88,1.88,52300
2017-11-02,1.85,1.85,1.75,1.75,1.75,95800
2017-11-03,1.75,1.8,1.7,1.75,1.75,65600
2017-11-06,1.85,1.85,1.75,1.84,1.84,65800
2017-11-07,1.7,1.85,1.7,1.8,1.8,135700
2017-11-08,2.15,2.7,2.0,2.25,2.25,1327100
2017-11-09,2.15,2.4,2.15,2.3,2.3,202800
2017-11-10,2.25,2.4,2.15,2.25,2.25,110700
2017-11-13,2.3,2.3,2.1,2.13,2.13,140000
2017-11-14,2.15,2.25,2.1,2.17,2.17,52100
2017-11-15,2.1,2.35,1.75,2.3,2.3,283000
2017-11-16,2.35,2.35,2.1,2.3,2.3,93400
2017-11-17,2.35,2.35,2.2,2.35,2.35,76400
2017-11-20,2.75,3.2,2.6,2.65,2.65,1600500
2017-11-21,2.6,2.7,2.3,2.55,2.55,201400
2017-11-22,2.5,2.75,2.5,2.55,2.55,130600
2017-11-24,2.55,2.8,2.5,2.65,2.65,104000
2017-11-27,2.6,2.74,2.6,2.65,2.65,69600
2017-11-28,2.65,2.75,2.6,2.65,2.65,54600
2017-11-29,2.65,2.75,2.45,2.5,2.5,92900
2017-11-30,2.6,2.6,2.35,2.4,2.4,60300
2017-12-01,2.5,2.55,2.4,2.4,2.4,32400
2017-12-04,2.75,2.75,2.4,2.5,2.5,62500
2017-12-05,2.9,2.95,2.65,2.7,2.7,322800
2017-12-06,2.75,2.75,2.6,2.65,2.65,114500
2017-12-07,2.65,2.7,2.55,2.6,2.6,47900
2017-12-08,2.6,2.7,2.55,2.6,2.6,61900
2017-12-11,2.65,2.75,2.6,2.73,2.73,88400
2017-12-12,2.75,2.75,2.65,2.7,2.7,51100
2017-12-13,2.65,2.75,2.65,2.7,2.7,70400
2017-12-14,2.85,2.9,2.65,2.8,2.8,92500
2017-12-15,2.75,2.8,2.7,2.75,2.75,49200
2017-12-18,2.75,2.8,2.7,2.8,2.8,69900
2017-12-19,2.75,2.76,2.65,2.65,2.65,82100
2017-12-20,2.7,2.8,2.65,2.75,2.75,103700
2017-12-21,2.8,2.8,2.7,2.75,2.75,31500
2017-12-22,2.75,2.79,2.65,2.75,2.75,52600
2017-12-26,2.8,2.8,2.65,2.7,2.7,52100
2017-12-27,2.7,2.8,2.7,2.73,2.73,65200
2017-12-28,2.7,2.75,2.65,2.75,2.75,51100
2017-12-29,2.8,2.85,2.6,2.65,2.65,93200
2018-01-02,2.65,2.65,2.6,2.6,2.6,37900
2018-01-03,2.65,2.75,2.6,2.65,2.65,56000
2018-01-04,2.65,2.7,2.6,2.6,2.6,20900
2018-01-05,2.6,2.65,2.55,2.58,2.58,33600
2018-01-08,2.65,2.7,2.5,2.5,2.5,63200
2018-01-09,2.5,2.55,2.25,2.25,2.25,112700
2018-01-10,2.25,2.44,2.25,2.35,2.35,30500
2018-01-11,2.35,2.35,2.25,2.3,2.3,57500
2018-01-12,2.3,2.4,2.3,2.3,2.3,73500
2018-01-16,2.4,2.4,2.3,2.35,2.35,17400
2018-01-17,2.35,2.35,2.3,2.3,2.3,19100
2018-01-18,2.3,2.37,2.3,2.3,2.3,34300
2018-01-19,2.3,2.35,2.3,2.3,2.3,13200
2018-01-22,2.3,2.35,2.25,2.25,2.25,45100
2018-01-23,2.3,2.3,2.1,2.1,2.1,91700
2018-01-24,2.1,2.2,2.1,2.1,2.1,24900
2018-01-25,2.1,2.2,2.1,2.15,2.15,28300
2018-01-26,2.5,2.5,2.15,2.35,2.35,76700
2018-01-29,2.4,2.4,2.25,2.25,2.25,38500
2018-01-30,2.25,2.5,2.15,2.15,2.15,120200
2018-01-31,2.2,2.4,2.2,2.3,2.3,41300
2018-02-01,2.2,2.3,2.15,2.15,2.15,74400
2018-02-02,2.15,2.25,2.15,2.2,2.2,40700
2018-02-05,2.2,2.25,2.15,2.15,2.15,53000
2018-02-06,2.1,3.2,2.1,2.15,2.15,1486000
2018-02-07,2.1,2.23,2.0,2.1,2.1,162300
2018-02-08,2.15,2.2,2.1,2.15,2.15,68800
2018-02-09,2.2,2.2,2.0,2.0,2.0,57200
2018-02-12,2.05,2.1,2.0,2.0,2.0,40400
2018-02-13,2.0,2.1,2.0,2.1,2.1,28700
2018-02-14,2.05,2.15,2.05,2.13,2.13,25900
2018-02-15,2.15,2.25,2.1,2.1,2.1,29300
2018-02-16,2.1,2.25,2.1,2.2,2.2,32200
2018-02-20,2.25,2.4,2.25,2.3,2.3,48400
2018-02-21,2.35,2.4,2.3,2.3,2.3,21700
2018-02-22,2.33,2.4,2.3,2.35,2.35,29900
2018-02-23,2.3,2.4,2.3,2.3,2.3,23000
2018-02-26,2.4,2.45,2.3,2.4,2.4,46600
2018-02-27,2.4,2.59,2.4,2.45,2.45,61500
2018-02-28,2.45,2.6,2.43,2.55,2.55,61800
2018-03-01,2.65,2.65,2.5,2.6,2.6,72300
2018-03-02,2.65,2.65,2.45,2.55,2.55,28300
2018-03-05,2.5,2.65,2.5,2.5,2.5,35000
2018-03-06,2.55,2.6,2.5,2.5,2.5,12700
2018-03-07,2.5,2.6,2.45,2.5,2.5,51800
2018-03-08,2.45,2.6,2.45,2.5,2.5,59800
2018-03-09,2.6,2.6,2.5,2.6,2.6,20700
2018-03-12,2.55,2.6,2.51,2.55,2.55,53100
2018-03-13,2.6,2.75,2.55,2.75,2.75,101200
2018-03-14,2.75,2.9,2.75,2.85,2.85,109700
2018-03-15,2.85,2.9,2.65,2.65,2.65,40800
2018-03-16,2.6,2.76,2.55,2.6,2.6,27500
2018-03-19,2.6,2.7,2.55,2.6,2.6,30700
2018-03-20,2.6,2.8,2.56,2.65,2.65,34500
2018-03-21,2.65,2.75,2.65,2.7,2.7,24600
2018-03-22,2.7,2.75,2.6,2.75,2.75,19300
2018-03-23,2.7,2.75,2.6,2.7,2.7,27400
2018-03-26,2.6,2.6,2.5,2.55,2.55,32900
2018-03-27,2.5,2.55,2.5,2.53,2.53,17000
2018-03-28,2.55,2.6,2.45,2.45,2.45,24400
2018-03-29,2.52,2.6,2.5,2.6,2.6,31200
2018-04-02,2.5,2.53,2.33,2.35,2.35,36300
2018-04-03,2.33,2.5,2.25,2.4,2.4,31600
2018-04-04,2.4,2.42,2.25,2.3,2.3,64700
2018-04-05,2.3,2.4,2.3,2.4,2.4,23100
2018-04-06,2.4,2.4,2.3,2.3,2.3,10500
2018-04-09,2.35,2.35,2.3,2.35,2.35,11500
2018-04-10,2.3,2.35,2.3,2.3,2.3,9900
2018-04-11,2.35,2.35,2.3,2.3,2.3,18600
2018-04-12,2.35,2.35,2.3,2.3,2.3,30400
2018-04-13,2.25,2.65,2.2,2.55,2.55,141500
2018-04-16,2.4,2.8,2.2,2.7,2.7,92500
2018-04-17,2.75,2.75,2.6,2.65,2.65,33900
2018-04-18,2.6,2.7,2.5,2.65,2.65,22700
2018-04-19,2.65,2.7,2.55,2.65,2.65,12200
2018-04-20,2.7,2.7,2.6,2.65,2.65,18900
2018-04-23,2.6,2.7,2.6,2.63,2.63,28200
2018-04-24,2.6,2.6,2.45,2.45,2.45,28100
2018-04-25,2.45,2.47,2.35,2.35,2.35,16100
2018-04-26,2.35,2.4,2.35,2.38,2.38,12500
2018-04-27,2.38,2.45,2.35,2.45,2.45,20900
2018-04-30,2.35,2.4,2.3,2.3,2.3,8000
2018-05-01,2.35,2.4,2.3,2.4,2.4,11600
2018-05-02,2.4,2.5,2.4,2.5,2.5,20400
2018-05-03,2.42,2.45,2.35,2.35,2.35,9400
2018-05-04,2.4,2.5,2.4,2.4,2.4,17200
2018-05-07,2.45,2.6,2.4,2.45,2.45,7600
2018-05-08,2.4,2.6,2.35,2.55,2.55,20400
2018-05-09,2.55,2.6,2.45,2.6,2.6,18700
2018-05-10,2.6,2.6,2.5,2.5,2.5,21300
2018-05-11,2.55,2.6,2.5,2.6,2.6,9200
2018-05-14,2.85,2.95,2.5,2.7,2.7,228200
2018-05-15,2.6,2.6,2.45,2.45,2.45,47300
2018-05-16,2.66,2.66,2.5,2.5,2.5,16800
2018-05-17,2.5,2.65,2.5,2.55,2.55,20600
2018-05-18,2.6,2.7,2.55,2.7,2.7,31500
2018-05-21,2.7,2.75,2.65,2.65,2.65,26000
2018-05-22,2.6,2.65,2.55,2.6,2.6,19600
2018-05-23,2.6,2.65,2.55,2.55,2.55,35600
2018-05-24,2.5,2.65,2.5,2.55,2.55,28700
2018-05-25,2.55,2.65,2.5,2.6,2.6,35000
2018-05-29,2.6,2.6,2.5,2.6,2.6,11600
2018-05-30,2.6,2.6,2.5,2.5,2.5,47400
2018-05-31,2.5,2.65,2.5,2.61,2.61,69100
2018-06-01,2.6,2.65,2.55,2.65,2.65,55600
2018-06-04,2.8,2.95,2.65,2.7,2.7,179300
2018-06-05,2.75,2.86,2.55,2.6,2.6,96500
2018-06-06,2.6,2.64,2.5,2.5,2.5,45100
2018-06-07,2.55,2.65,2.5,2.55,2.55,19500
2018-06-08,2.6,2.6,2.5,2.5,2.5,12900
2018-06-11,2.52,2.55,2.5,2.5,2.5,24400
2018-06-12,2.55,2.55,2.5,2.5,2.5,8400
2018-06-13,2.5,2.55,2.5,2.5,2.5,16800
2018-06-14,2.55,2.65,2.5,2.58,2.58,32300
2018-06-15,2.55,2.6,2.55,2.6,2.6,20600
2018-06-18,2.6,2.7,2.5,2.52,2.52,36600
2018-06-19,2.6,2.6,2.5,2.5,2.5,31800
2018-06-20,2.52,2.55,2.5,2.5,2.5,9100
2018-06-21,2.5,2.55,2.5,2.55,2.55,4800
2018-06-22,2.5,2.6,2.5,2.5,2.5,13000
2018-06-25,2.5,2.55,2.5,2.55,2.55,15400
2018-06-26,2.55,2.55,2.35,2.35,2.35,37400
2018-06-27,2.3,2.5,2.3,2.35,2.35,19800
2018-06-28,2.3,2.35,2.3,2.35,2.35,23200
2018-06-29,2.3,2.35,2.3,2.35,2.35,11100
2018-07-02,2.35,2.35,2.1,2.1,2.1,37000
2018-07-03,2.1,2.15,2.1,2.13,2.13,14900
2018-07-05,2.25,2.35,2.15,2.2,2.2,43500
2018-07-06,2.15,2.3,2.1,2.25,2.25,20900
2018-07-09,2.25,2.5,2.2,2.35,2.35,85300
2018-07-10,2.33,2.39,2.3,2.35,2.35,24500
2018-07-11,2.45,2.45,2.25,2.27,2.27,34100
2018-07-12,2.3,2.35,2.2,2.34,2.34,11900
2018-07-13,2.3,2.35,2.25,2.33,2.33,10500
2018-07-16,2.3,2.35,2.25,2.25,2.25,17600
2018-07-17,2.22,2.3,2.2,2.25,2.25,20800
2018-07-18,2.25,2.35,2.25,2.35,2.35,19000
2018-07-19,2.34,2.9,2.25,2.55,2.55,408300
2018-07-20,2.7,2.75,2.5,2.6,2.6,271600
2018-07-23,2.6,2.6,2.35,2.45,2.45,29400
2018-07-24,2.4,2.45,2.3,2.35,2.35,27600
2018-07-25,2.35,2.55,2.35,2.45,2.45,74400
2018-07-26,2.35,2.6,2.35,2.53,2.53,118900
2018-07-27,2.55,2.75,2.4,2.55,2.55,55200
2018-07-30,2.65,2.65,2.45,2.55,2.55,32700
2018-07-31,2.55,2.6,2.45,2.55,2.55,16500
2018-08-01,2.6,2.62,2.5,2.51,2.51,33700
2018-08-02,2.6,2.62,2.45,2.5,2.5,14700
2018-08-03,2.53,2.6,2.46,2.5,2.5,8400
2018-08-06,2.5,2.6,2.5,2.6,2.6,17800
2018-08-07,2.6,2.6,2.55,2.55,2.55,22800
2018-08-08,2.55,2.6,2.5,2.6,2.6,32200
2018-08-09,2.6,2.6,2.45,2.5,2.5,14700
2018-08-10,2.45,2.5,2.4,2.45,2.45,11600
2018-08-13,2.45,2.55,2.45,2.55,2.55,25700
2018-08-14,2.5,2.55,2.45,2.5,2.5,13200
2018-08-15,2.45,2.55,2.45,2.45,2.45,17400
2018-08-16,2.5,2.55,2.5,2.5,2.5,12000
2018-08-17,2.55,2.65,2.52,2.65,2.65,37700
2018-08-20,2.65,2.9,2.5,2.55,2.55,208600
2018-08-21,2.55,2.71,2.45,2.55,2.55,56800
2018-08-22,2.55,2.65,2.53,2.65,2.65,47100
2018-08-23,2.6,2.65,2.55,2.55,2.55,33800
2018-08-24,2.6,2.65,2.55,2.65,2.65,23900
2018-08-27,2.65,2.7,2.5,2.6,2.6,46300
2018-08-28,2.61,2.65,2.55,2.56,2.56,60400
2018-08-29,2.5,2.6,2.5,2.55,2.55,8600
2018-08-30,2.55,2.59,2.5,2.55,2.55,27500
2018-08-31,2.58,2.62,2.55,2.6,2.6,14000
2018-09-04,2.55,2.65,2.5,2.5,2.5,25900
2018-09-05,2.55,2.6,2.5,2.6,2.6,13600
2018-09-06,2.63,2.65,2.55,2.6,2.6,11100
2018-09-07,2.5,2.65,2.5,2.65,2.65,58300
2018-09-10,2.6,2.7,2.6,2.65,2.65,34300
2018-09-11,2.7,2.7,2.6,2.6,2.6,25900
2018-09-12,2.6,2.75,2.6,2.75,2.75,70000
2018-09-13,2.7,2.95,2.7,2.85,2.85,195200
2018-09-14,2.9,3.25,2.88,3.15,3.15,549800
2018-09-17,3.25,3.65,3.25,3.6,3.6,439200
2018-09-18,3.65,4.3,3.6,4.25,4.25,862200
2018-09-19,4.6,4.95,3.75,4.3,4.3,764600
2018-09-20,4.2,4.25,3.95,3.95,3.95,266000
2018-09-21,4.0,4.45,3.95,4.3,4.3,201900
2018-09-24,4.3,4.4,3.85,4.05,4.05,198900
2018-09-25,4.0,4.3,3.5,3.55,3.55,313600
2018-09-26,3.0,3.05,2.9,2.9,2.9,1800600
2018-09-27,2.9,2.98,2.85,2.85,2.85,450100
2018-09-28,2.95,2.95,2.8,2.85,2.85,142100
2018-10-01,2.83,3.05,2.75,2.9,2.9,402800
2018-10-02,3.05,3.1,2.85,2.95,2.95,323600
2018-10-03,3.0,3.0,2.8,2.85,2.85,194900
2018-10-04,2.83,3.09,2.75,2.97,2.97,281100
2018-10-05,2.95,3.01,2.87,2.97,2.97,81900
2018-10-08,3.05,3.1,3.01,3.1,3.1,76900
2018-10-09,3.1,3.23,2.93,3.09,3.09,148000
2018-10-10,3.07,3.09,2.9,2.9,2.9,98500
2018-10-11,2.91,3.25,2.9,2.95,2.95,123100
2018-10-12,2.97,3.0,2.9,2.98,2.98,33900
2018-10-15,2.99,3.02,2.9,2.92,2.92,35400
2018-10-16,2.9,3.08,2.9,2.91,2.91,126400
2018-10-17,2.91,3.04,2.91,2.98,2.98,36400
2018-10-18,3.0,3.0,2.94,2.95,2.95,13000
2018-10-19,2.97,2.98,2.95,2.98,2.98,13400
2018-10-22,2.98,3.1,2.95,2.95,2.95,29500
2018-10-23,2.95,3.06,2.92,3.03,3.03,56400
2018-10-24,3.05,3.09,2.91,2.93,2.93,123900
2018-10-25,2.91,2.95,2.62,2.72,2.72,175200
2018-10-26,2.75,3.1,2.66,3.05,3.05,163100
2018-10-29,3.06,3.41,2.73,3.03,3.03,644500
2018-10-30,3.0,3.02,2.75,2.86,2.86,121700
2018-10-31,2.85,3.09,2.75,2.78,2.78,142500
2018-11-01,2.78,3.0,2.78,2.96,2.96,53100
2018-11-02,2.93,3.06,2.92,3.04,3.04,90700
2018-11-05,3.07,3.15,2.97,3.05,3.05,59200
2018-11-06,3.09,3.11,2.89,2.93,2.93,66000
2018-11-07,2.92,3.05,2.84,3.0,3.0,56200
2018-11-08,3.01,3.05,2.96,3.0,3.0,18000
2018-11-09,3.0,3.01,2.84,2.96,2.96,69400
2018-11-12,2.9,2.97,2.76,2.77,2.77,46100
2018-11-13,2.76,2.88,2.76,2.85,2.85,22900
2018-11-14,2.8,2.9,2.7,2.7,2.7,101800
2018-11-15,2.75,2.8,2.68,2.8,2.8,33700
2018-11-16,2.76,2.9,2.75,2.8,2.8,25600
2018-11-19,2.77,2.93,2.75,2.84,2.84,30100
2018-11-20,2.82,3.0,2.77,2.91,2.91,72700
2018-11-21,2.94,2.94,2.85,2.9,2.9,20000
2018-11-23,2.85,2.97,2.84,2.92,2.92,29400
2018-11-26,2.93,2.95,2.82,2.86,2.86,20100
2018-11-27,2.87,2.96,2.85,2.94,2.94,44000
2018-11-28,2.91,2.93,2.87,2.9,2.9,25100
2018-11-29,2.87,2.95,2.83,2.87,2.87,30500
2018-11-30,2.87,2.91,2.81,2.81,2.81,10300
2018-12-03,2.86,2.89,2.83,2.89,2.89,26700
2018-12-04,2.88,2.91,2.77,2.81,2.81,17800
2018-12-06,2.8,2.89,2.77,2.78,2.78,21100
2018-12-07,2.79,2.84,2.79,2.8,2.8,12000
2018-12-10,2.77,2.83,2.77,2.78,2.78,21000
2018-12-11,2.8,2.84,2.77,2.79,2.79,14100
2018-12-12,2.78,2.83,2.63,2.63,2.63,47700
2018-12-13,2.63,2.72,2.16,2.5,2.5,98500
2018-12-14,2.47,2.64,2.47,2.64,2.64,16000
2018-12-17,2.61,2.65,2.47,2.53,2.53,19900
2018-12-18,2.52,2.54,2.33,2.35,2.35,59300
2018-12-19,2.36,2.56,2.31,2.31,2.31,100800
2018-12-20,2.54,2.95,2.42,2.92,2.92,380500
2018-12-21,2.76,2.98,2.67,2.78,2.78,125900
2018-12-24,2.72,2.8,2.6,2.63,2.63,108500
2018-12-26,2.62,2.8,2.57,2.7,2.7,96500
2018-12-27,2.65,2.8,2.65,2.73,2.73,45900
2018-12-28,2.77,2.86,2.68,2.83,2.83,88400
2018-12-31,2.81,2.88,2.5,2.68,2.68,176600
2019-01-02,2.61,2.9,2.61,2.89,2.89,38100
2019-01-03,2.89,3.18,2.88,2.91,2.91,137000
2019-01-04,3.0,3.05,2.9,2.93,2.93,98900
2019-01-07,3.0,3.0,2.89,2.91,2.91,64700
2019-01-08,2.92,2.99,2.84,2.91,2.91,60300
2019-01-09,2.95,3.11,2.95,2.99,2.99,65300
2019-01-10,2.95,3.0,2.91,2.97,2.97,35400
2019-01-11,3.0,3.0,2.91,2.98,2.98,77200
2019-01-14,2.99,3.11,2.99,3.1,3.1,115300
2019-01-15,3.1,3.17,3.0,3.04,3.04,80700
2019-01-16,3.04,3.13,2.91,2.98,2.98,69100
2019-01-17,2.96,2.99,2.51,2.93,2.93,197100
2019-01-18,2.87,3.0,2.76,2.76,2.76,50000
2019-01-22,2.81,2.89,2.65,2.75,2.75,153800
2019-01-23,2.67,2.8,2.65,2.7,2.7,147100
2019-01-24,2.72,2.75,2.56,2.62,2.62,30700
2019-01-25,2.62,3.31,2.6,3.19,3.19,1100200
2019-01-28,3.25,3.73,3.06,3.39,3.39,1140300
2019-01-29,3.5,3.8,3.1,3.79,3.79,1464200
2019-01-30,3.72,3.74,3.45,3.47,3.47,394700
2019-01-31,3.57,3.58,3.24,3.34,3.34,206600
2019-02-01,3.5,3.82,3.3,3.79,3.79,412200
2019-02-04,3.79,3.85,3.32,3.5,3.5,308600
2019-02-05,3.61,3.61,3.37,3.4,3.4,79200
2019-02-06,3.43,3.49,3.26,3.49,3.49,107600
2019-02-07,3.44,3.44,3.3,3.37,3.37,46500
2019-02-08,3.31,3.47,3.3,3.47,3.47,76800
2019-02-11,3.48,3.48,3.34,3.37,3.37,19200
2019-02-12,3.4,3.47,3.3,3.41,3.41,44400
2019-02-13,3.72,3.75,3.4,3.42,3.42,82100
2019-02-14,3.44,3.6,3.35,3.56,3.56,338600
2019-02-15,3.55,3.65,3.36,3.42,3.42,249000
2019-02-19,3.55,3.55,3.26,3.44,3.44,116300
2019-02-20,3.41,3.55,3.36,3.41,3.41,28600
2019-02-21,3.41,3.46,3.33,3.42,3.42,24200
2019-02-22,3.52,3.52,3.23,3.39,3.39,43400
2019-02-25,3.38,3.43,3.33,3.42,3.42,48000
2019-02-26,3.42,3.51,3.27,3.5,3.5,100500
2019-02-27,3.46,3.51,3.41,3.45,3.45,34000
2019-02-28,3.55,3.75,3.43,3.6,3.6,188700
2019-03-01,3.65,4.2,3.65,4.2,4.2,449300
2019-03-04,4.2,4.94,4.2,4.85,4.85,888100
2019-03-05,4.68,4.78,4.32,4.66,4.66,258600
2019-03-06,4.65,4.7,4.21,4.51,4.51,205800
2019-03-07,4.36,4.49,4.15,4.15,4.15,132400
2019-03-08,4.16,4.53,4.07,4.13,4.13,180800
2019-03-11,4.17,4.24,4.04,4.07,4.07,70100
2019-03-12,4.05,4.13,3.98,4.01,4.01,44500
2019-03-13,4.07,4.19,4.01,4.03,4.03,56200
2019-03-14,4.01,4.07,3.75,3.8,3.8,101700
2019-03-15,3.81,4.09,3.7,3.74,3.74,48900
2019-03-18,3.76,3.87,3.66,3.79,3.79,24500
2019-03-19,3.7,3.79,3.45,3.59,3.59,343100
2019-03-20,3.6,3.95,3.45,3.81,3.81,121100
2019-03-21,3.85,3.93,3.52,3.84,3.84,86400
2019-03-22,3.87,3.97,3.61,3.63,3.63,47700
2019-03-25,3.99,3.99,3.7,3.77,3.77,108900
2019-03-26,3.9,3.9,3.62,3.74,3.74,20200
2019-03-27,3.74,3.86,3.66,3.73,3.73,27500
2019-03-28,3.66,3.83,3.62,3.73,3.73,29200
2019-03-29,3.81,3.89,3.67,3.72,3.72,127200
2019-04-01,3.53,3.89,3.53,3.82,3.82,103900
2019-04-02,3.78,3.91,3.61,3.91,3.91,128600
2019-04-03,3.95,3.97,3.81,3.83,3.83,52500
2019-04-04,3.9,3.98,3.8,3.98,3.98,27500
2019-04-05,3.98,4.38,3.97,4.03,4.03,251200
2019-04-08,4.0,4.36,4.0,4.24,4.24,100400
2019-04-09,4.26,4.43,4.13,4.43,4.43,45000
2019-04-10,4.4,4.55,4.15,4.24,4.24,75700
2019-04-11,4.22,4.54,4.17,4.34,4.34,75400
2019-04-12,4.45,4.45,4.21,4.32,4.32,64200
2019-04-15,4.44,4.45,4.21,4.38,4.38,65400
2019-04-16,4.38,4.47,4.26,4.32,4.32,54400
2019-04-17,4.38,4.39,4.2,4.23,4.23,45800
2019-04-18,4.2,4.32,4.11,4.16,4.16,52700
2019-04-22,4.1,4.2,4.06,4.13,4.13,67000
2019-04-23,4.1,4.18,3.8,4.1,4.1,127800
2019-04-24,4.1,4.21,4.0,4.08,4.08,27300
2019-04-25,4.13,4.31,4.08,4.24,4.24,153100
2019-04-26,4.29,4.35,4.16,4.3,4.3,33800
2019-04-29,4.36,4.42,4.13,4.37,4.37,111200
2019-04-30,4.95,5.33,4.5,4.83,4.83,1463500
2019-05-01,4.62,4.75,4.38,4.38,4.38,240000
2019-05-02,4.38,5.23,4.38,4.73,4.73,237200
2019-05-03,4.84,4.84,4.56,4.62,4.62,153700
2019-05-06,4.61,4.99,4.47,4.7,4.7,294100
2019-05-07,4.66,4.91,4.65,4.75,4.75,63900
2019-05-08,4.75,4.85,4.66,4.71,4.71,41500
2019-05-09,4.68,4.99,4.68,4.91,4.91,257100
2019-05-10,5.0,5.02,4.71,4.75,4.75,180100
2019-05-13,4.77,4.9,4.51,4.58,4.58,175000
2019-05-14,4.49,4.49,3.01,3.47,3.47,1583900
2019-05-15,3.48,3.6,3.2,3.2,3.2,347900
2019-05-16,3.35,3.35,3.05,3.12,3.12,300900
2019-05-17,3.15,3.2,2.86,3.09,3.09,213900
2019-05-20,3.05,3.1,3.0,3.01,3.01,72800
2019-05-21,3.06,3.09,2.98,3.01,3.01,68600
2019-05-22,3.02,3.05,2.67,2.98,2.98,117700
2019-05-23,2.97,3.05,2.97,2.97,2.97,53600
2019-05-24,2.97,3.07,2.97,2.99,2.99,56300
2019-05-28,2.96,3.0,2.8,2.81,2.81,116500
2019-05-29,2.79,2.91,2.52,2.53,2.53,170300
2019-05-30,2.54,2.6,2.52,2.53,2.53,42900
2019-05-31,2.54,2.78,2.54,2.66,2.66,93500
2019-06-03,2.61,2.72,2.52,2.52,2.52,64100
2019-06-04,2.55,2.61,2.35,2.49,2.49,118700
2019-06-05,2.51,2.6,2.4,2.59,2.59,48100
2019-06-06,2.56,2.7,2.52,2.7,2.7,46300
2019-06-07,2.75,2.75,2.59,2.66,2.66,30400
2019-06-10,2.68,2.69,2.57,2.64,2.64,23200
2019-06-11,2.64,2.64,2.51,2.61,2.61,28400
2019-06-12,2.59,2.63,2.5,2.5,2.5,31600
2019-06-13,2.54,2.59,2.51,2.57,2.57,14300
2019-06-14,2.66,3.25,2.63,2.74,2.74,761700
2019-06-17,2.75,3.05,2.65,2.9,2.9,311600
2019-06-18,1.55,1.9,1.55,1.68,1.68,1220400
2019-06-19,1.64,1.64,1.42,1.42,1.42,541300
2019-06-20,1.48,1.6,1.48,1.55,1.55,400300
2019-06-21,1.59,1.59,1.51,1.55,1.55,132500
2019-06-24,1.6,1.6,1.44,1.5,1.5,97400
2019-06-25,1.5,1.5,1.41,1.41,1.41,90200
2019-06-26,1.43,1.53,1.42,1.5,1.5,50500
2019-06-27,1.51,1.54,1.42,1.43,1.43,103100
2019-06-28,1.47,1.47,1.4,1.45,1.45,65700
2019-07-01,1.48,1.48,1.38,1.4,1.4,85000
2019-07-02,1.4,1.64,1.38,1.6,1.6,431800
2019-07-03,1.59,1.59,1.45,1.51,1.51,72100
2019-07-05,1.57,1.57,1.45,1.47,1.47,63100
2019-07-08,1.45,1.49,1.42,1.42,1.42,59300
2019-07-09,1.42,1.52,1.42,1.46,1.46,44900
2019-07-10,1.45,1.49,1.44,1.45,1.45,24300
2019-07-11,1.44,1.54,1.42,1.46,1.46,141300
2019-07-12,1.5,1.5,1.42,1.42,1.42,32000
2019-07-15,1.42,1.44,1.36,1.42,1.42,49600
2019-07-16,1.45,1.45,1.35,1.35,1.35,46300
2019-07-17,1.35,1.35,1.25,1.27,1.27,104400
2019-07-18,1.25,1.3,1.22,1.22,1.22,57200
2019-07-19,1.23,1.3,1.23,1.23,1.23,152300
2019-07-22,1.25,1.29,1.24,1.24,1.24,74800
2019-07-23,1.23,1.24,1.2,1.2,1.2,31600
2019-07-24,1.21,1.24,1.1,1.14,1.14,88100
2019-07-25,1.1,1.2,1.1,1.11,1.11,56400
2019-07-26,1.12,1.3,1.12,1.27,1.27,125500
2019-07-29,1.3,1.3,1.11,1.2,1.2,40200
2019-07-30,1.19,1.22,1.16,1.2,1.2,20200
2019-07-31,1.21,1.23,1.15,1.15,1.15,46600
2019-08-01,1.18,1.23,1.18,1.2,1.2,42300
2019-08-02,1.21,1.4,1.21,1.4,1.4,80000
2019-08-05,1.4,1.81,1.3,1.33,1.33,1336200
2019-08-06,1.32,1.41,1.3,1.37,1.37,110300
2019-08-07,1.36,1.36,1.22,1.23,1.23,93800
2019-08-08,1.3,1.3,1.24,1.29,1.29,35000
2019-08-09,1.28,1.29,1.2,1.25,1.25,27700
2019-08-12,1.23,1.28,1.14,1.26,1.26,46500
2019-08-13,1.23,1.27,1.19,1.19,1.19,31200
2019-08-14,1.2,1.2,1.17,1.19,1.19,25500
2019-08-15,1.01,1.09,1.01,1.02,1.02,88800
2019-08-16,1.05,1.1,1.01,1.05,1.05,96200
2019-08-19,1.04,1.1,1.01,1.02,1.02,54500
2019-08-20,1.02,1.04,0.96,0.96,0.96,72300
2019-08-21,0.95,1.0,0.91,0.94,0.94,79200
2019-08-22,0.93,0.95,0.81,0.89,0.89,175500
2019-08-23,0.82,0.88,0.81,0.81,0.81,90600
2019-08-26,0.83,0.89,0.82,0.84,0.84,58400
2019-08-27,0.86,1.71,0.84,1.13,1.13,6747400
2019-08-28,1.18,1.57,1.12,1.37,1.37,2769800
2019-08-29,1.35,1.45,1.29,1.34,1.34,421200
2019-08-30,1.33,1.36,1.15,1.21,1.21,278700
2019-09-03,1.33,1.37,1.06,1.28,1.28,305900
2019-09-04,1.21,1.4,1.21,1.34,1.34,150500
2019-09-05,1.39,1.43,1.24,1.33,1.33,166900
2019-09-06,1.31,1.38,1.23,1.35,1.35,60100
2019-09-09,1.34,1.54,1.34,1.53,1.53,292900
2019-09-10,1.52,1.62,1.45,1.56,1.56,199600
2019-09-11,1.59,1.71,1.57,1.6,1.6,185700
2019-09-12,1.65,1.65,1.42,1.47,1.47,120200
2019-09-13,1.47,1.5,1.43,1.43,1.43,70000
2019-09-16,1.42,1.59,1.42,1.52,1.52,88500
2019-09-17,1.5,1.5,1.44,1.44,1.44,85100
2019-09-18,1.43,1.5,1.32,1.37,1.37,57000
2019-09-19,1.38,1.68,1.35,1.44,1.44,389000
2019-09-20,1.44,1.46,1.37,1.44,1.44,80700
2019-09-23,1.42,1.42,1.35,1.36,1.36,36700
2019-09-24,1.37,1.38,1.27,1.3,1.3,109300
2019-09-25,1.41,1.41,1.22,1.27,1.27,31600
2019-09-26,1.31,1.31,1.23,1.23,1.23,41400
2019-09-27,1.23,1.32,1.2,1.21,1.21,88900
2019-09-30,1.22,1.35,1.2,1.28,1.28,26200
2019-10-01,1.3,1.3,1.19,1.24,1.24,47500
2019-10-02,1.22,1.23,1.18,1.2,1.2,14800
2019-10-03,1.21,1.26,1.19,1.21,1.21,31300
2019-10-04,1.23,1.23,1.17,1.21,1.21,11900
2019-10-07,1.18,1.3,1.18,1.21,1.21,24800
2019-10-08,1.29,1.29,1.11,1.11,1.11,51300
2019-10-09,1.12,1.18,1.11,1.17,1.17,17400
2019-10-10,1.16,1.16,1.07,1.1,1.1,45600
2019-10-11,1.06,1.38,1.02,1.35,1.35,349400
2019-10-14,1.33,1.38,1.3,1.3,1.3,80900
2019-10-15,1.3,1.33,1.21,1.26,1.26,64800
2019-10-16,1.27,1.35,1.25,1.3,1.3,34100
2019-10-17,1.33,1.33,1.22,1.28,1.28,10600
2019-10-18,1.26,1.28,1.21,1.25,1.25,17200
