2014-07-22,0.02,0.02,0.02,0.02,0.02,2400.0
2014-07-23,0.02,0.02,0.02,0.02,0.02,0.0
2014-07-24,0.02,0.02,0.02,0.02,0.02,0.0
2014-07-25,0.02,0.02,0.02,0.02,0.02,0.0
2014-07-28,0.02,0.02,0.02,0.02,0.02,0.0
2014-07-29,0.02,0.02,0.02,0.02,0.02,0.0
2014-07-30,0.02,0.02,0.02,0.02,0.02,0.0
2014-07-31,0.02,0.02,0.02,0.02,0.02,0.0
2014-08-01,0.02,0.02,0.02,0.02,0.02,0.0
2014-08-04,0.02,0.02,0.02,0.02,0.02,0.0
2014-08-05,0.02,0.02,0.02,0.02,0.02,0.0
2014-08-06,0.02,0.02,0.02,0.02,0.02,0.0
2014-08-07,0.02,0.02,0.02,0.02,0.02,0.0
2014-08-08,0.02,0.02,0.02,0.02,0.02,0.0
2014-08-11,0.02,0.02,0.02,0.02,0.02,0.0
2014-08-12,0.02,0.02,0.02,0.02,0.02,28000.0
2014-08-13,0.02,0.02,0.02,0.02,0.02,0.0
2014-08-14,0.02,0.02,0.02,0.02,0.02,30000.0
2014-08-15,0.02,0.02,0.02,0.02,0.02,30000.0
2014-08-18,0.02,0.02,0.02,0.02,0.02,0.0
2014-08-19,0.02,0.02,0.02,0.02,0.02,0.0
2014-08-20,0.02,0.02,0.015,0.015,0.015,25000.0
2014-08-21,0.015,0.015,0.015,0.015,0.015,0.0
2014-08-22,0.015,0.015,0.015,0.015,0.015,0.0
2014-08-25,0.015,0.015,0.015,0.015,0.015,0.0
2014-08-26,0.015,0.015,0.015,0.015,0.015,0.0
2014-08-27,0.015,0.015,0.015,0.015,0.015,0.0
2014-08-28,0.015,0.015,0.015,0.015,0.015,16000.0
2014-08-29,0.015,0.015,0.015,0.015,0.015,0.0
2014-09-02,,,,,,
2014-09-03,,,,,,
2014-09-04,,,,,,
2014-09-05,,,,,,
2014-09-08,,,,,,
2014-09-09,,,,,,
2014-09-10,,,,,,
2014-09-11,0.015,0.015,0.015,0.015,0.015,0.0
2014-09-12,0.015,0.015,0.015,0.015,0.015,0.0
2014-09-15,0.015,0.015,0.015,0.015,0.015,37000.0
2014-09-16,0.015,0.015,0.015,0.015,0.015,0.0
2014-09-17,0.015,0.015,0.015,0.015,0.015,0.0
2014-09-18,0.015,0.015,0.015,0.015,0.015,53000.0
2014-09-19,0.015,0.015,0.015,0.015,0.015,0.0
2014-09-22,0.015,0.015,0.015,0.015,0.015,0.0
2014-09-23,0.015,0.015,0.015,0.015,0.015,0.0
2014-09-24,0.015,0.015,0.015,0.015,0.015,0.0
2014-09-25,0.015,0.015,0.015,0.015,0.015,3000.0
2014-09-26,0.015,0.015,0.015,0.015,0.015,0.0
2014-09-29,0.015,0.015,0.015,0.015,0.015,0.0
2014-09-30,0.02,0.02,0.02,0.02,0.02,78000.0
2014-10-01,0.02,0.02,0.02,0.02,0.02,0.0
2014-10-02,0.02,0.02,0.02,0.02,0.02,0.0
2014-10-03,0.02,0.02,0.02,0.02,0.02,0.0
2014-10-06,0.02,0.02,0.02,0.02,0.02,0.0
2014-10-07,0.02,0.02,0.02,0.02,0.02,0.0
2014-10-08,0.02,0.02,0.02,0.02,0.02,0.0
2014-10-09,0.02,0.02,0.02,0.02,0.02,0.0
2014-10-10,0.02,0.025,0.02,0.025,0.025,16000.0
2014-10-13,0.025,0.025,0.025,0.025,0.025,0.0
2014-10-14,0.02,0.02,0.015,0.015,0.015,16000.0
2014-10-15,0.015,0.015,0.015,0.015,0.015,0.0
2014-10-16,0.015,0.015,0.015,0.015,0.015,0.0
2014-10-17,0.015,0.015,0.015,0.015,0.015,0.0
2014-10-20,0.015,0.015,0.015,0.015,0.015,0.0
2014-10-21,0.015,0.015,0.015,0.015,0.015,20000.0
2014-10-22,0.015,0.015,0.015,0.015,0.015,0.0
2014-10-23,0.015,0.015,0.015,0.015,0.015,2000.0
2014-10-24,0.015,0.015,0.015,0.015,0.015,0.0
2014-10-27,0.015,0.015,0.015,0.015,0.015,31100.0
2014-10-28,0.015,0.015,0.015,0.015,0.015,0.0
2014-10-29,0.015,0.015,0.015,0.015,0.015,0.0
2014-10-30,0.015,0.015,0.015,0.015,0.015,0.0
2014-10-31,0.015,0.015,0.015,0.015,0.015,0.0
2014-11-03,5.19,9.29,5.19,7.22,7.22,142500.0
2014-11-04,7.5,13.77,7.34,8.75,8.75,552700.0
2014-11-05,9.5,11.39,9.4,10.06,10.06,316100.0
2014-11-06,10.49,10.61,10.17,10.46,10.46,144800.0
2014-11-07,10.8,10.818,9.74,9.96,9.96,219500.0
2014-11-10,10.02,10.5,9.86,10.14,10.14,134600.0
2014-11-11,10.3,10.49,10.12,10.16,10.16,131500.0
2014-11-12,10.2,10.25,9.85,10.03,10.03,126800.0
2014-11-13,9.98,10.2,9.91,10.0,10.0,85000.0
2014-11-14,10.3,10.34,9.96,10.04,10.04,113600.0
2014-11-17,10.0,10.45,9.975,10.32,10.32,185400.0
2014-11-18,10.4,10.75,10.4,10.64,10.64,135600.0
2014-11-19,10.35,11.0,10.35,10.8,10.8,168100.0
2014-11-20,10.72,10.95,10.58,10.7,10.7,76800.0
2014-11-21,10.91,10.91,10.51,10.74,10.74,238300.0
2014-11-24,10.82,10.99,10.38,10.93,10.93,172600.0
2014-11-25,11.0,11.0,10.52,10.76,10.76,164500.0
2014-11-26,10.65,11.03,10.65,11.0,11.0,285200.0
2014-11-28,11.06,11.14,11.0,11.0,11.0,25500.0
2014-12-01,11.0,11.04,10.501,10.59,10.59,188200.0
2014-12-02,10.64,10.9,10.0,10.21,10.21,107200.0
2014-12-03,9.93,10.47,9.26,9.65,9.65,176700.0
2014-12-04,9.75,10.16,9.515,9.79,9.79,173400.0
2014-12-05,9.72,9.92,9.65,9.92,9.92,147700.0
2014-12-08,9.86,11.15,9.78,11.1,11.1,209100.0
2014-12-09,10.95,11.14,10.95,11.06,11.06,121800.0
2014-12-10,11.0,11.12,11.0,11.0,11.0,94800.0
2014-12-11,11.0,11.08,11.0,11.04,11.04,132400.0
2014-12-12,10.84,11.12,10.84,11.03,11.03,142600.0
2014-12-15,11.0,11.122,11.0,11.03,11.03,80500.0
2014-12-16,10.95,11.14,10.78,11.02,11.02,168300.0
2014-12-17,11.0,11.74,10.84,11.68,11.68,181500.0
2014-12-18,11.75,12.021,11.29,11.88,11.88,84200.0
2014-12-19,11.84,11.97,11.36,11.82,11.82,184200.0
2014-12-22,11.9,11.9,11.205,11.42,11.42,46400.0
2014-12-23,11.4,11.4,11.14,11.4,11.4,55500.0
2014-12-24,11.19,11.47,11.175,11.46,11.46,28500.0
2014-12-26,11.46,12.02,11.46,12.0,12.0,23600.0
2014-12-29,11.93,12.16,11.48,12.01,12.01,44100.0
2014-12-30,11.91,12.41,11.75,12.3,12.3,50300.0
2014-12-31,12.25,12.25,11.75,12.02,12.02,34600.0
2015-01-02,12.14,12.14,11.31,11.37,11.37,21900.0
2015-01-05,11.37,11.37,11.0,11.15,11.15,39600.0
2015-01-06,11.12,11.18,10.81,11.08,11.08,57600.0
2015-01-07,11.02,11.1,10.895,11.08,11.08,72900.0
2015-01-08,11.1,11.36,10.93,11.21,11.21,49400.0
2015-01-09,11.19,11.19,10.85,11.13,11.13,26700.0
2015-01-12,11.09,11.09,10.45,10.88,10.88,67200.0
2015-01-13,11.0,11.1,10.73,11.02,11.02,51700.0
2015-01-14,10.91,10.92,10.54,10.81,10.81,17000.0
2015-01-15,10.76,11.01,10.76,10.94,10.94,55800.0
2015-01-16,10.89,11.57,10.89,11.5,11.5,39500.0
2015-01-20,11.56,11.56,10.84,10.99,10.99,45400.0
2015-01-21,10.9,10.91,10.64,10.87,10.87,71800.0
2015-01-22,10.96,11.16,10.68,11.1,11.1,44300.0
2015-01-23,11.06,11.1,10.76,10.97,10.97,42700.0
2015-01-26,10.85,11.14,10.85,11.08,11.08,45100.0
2015-01-27,11.0,11.06,10.96,11.01,11.01,43200.0
2015-01-28,10.91,11.1,10.73,10.98,10.98,71200.0
2015-01-29,10.94,11.07,10.75,10.88,10.88,43700.0
2015-01-30,10.77,11.01,10.07,10.18,10.18,77000.0
2015-02-02,10.5,10.7,10.11,10.64,10.64,59200.0
2015-02-03,10.56,11.29,10.5,11.14,11.14,93700.0
2015-02-04,11.12,11.12,10.91,11.05,11.05,93100.0
2015-02-05,11.11,11.29,11.05,11.22,11.22,49000.0
2015-02-06,11.18,11.21,11.0,11.05,11.05,74800.0
2015-02-09,11.02,11.12,10.85,10.95,10.95,46700.0
2015-02-10,10.91,11.28,10.91,11.14,11.14,56700.0
2015-02-11,11.09,11.09,10.8,11.03,11.03,168700.0
2015-02-12,11.13,11.87,11.04,11.81,11.81,133600.0
2015-02-13,11.86,11.86,11.55,11.8,11.8,125900.0
2015-02-17,11.8,11.85,11.39,11.81,11.81,86600.0
2015-02-18,11.7,12.79,11.57,12.36,12.36,155500.0
2015-02-19,12.25,12.25,11.9,12.01,12.01,42300.0
2015-02-20,12.0,12.12,11.82,12.05,12.05,80000.0
2015-02-23,11.99,12.1,11.14,11.72,11.72,70100.0
2015-02-24,11.7,12.28,11.7,12.17,12.17,52000.0
2015-02-25,12.15,12.43,12.15,12.33,12.33,88400.0
2015-02-26,12.29,12.37,12.19,12.32,12.32,106900.0
2015-02-27,12.26,12.77,12.26,12.52,12.52,94900.0
2015-03-02,12.46,13.18,12.34,12.76,12.76,69000.0
2015-03-03,12.68,12.82,12.57,12.78,12.78,108500.0
2015-03-04,12.71,12.75,12.51,12.65,12.65,58500.0
2015-03-05,12.7,12.79,12.58,12.68,12.68,82900.0
2015-03-06,12.56,12.64,12.0,12.21,12.21,98600.0
2015-03-09,12.29,12.68,11.83,12.6,12.6,96200.0
2015-03-10,12.5,13.51,12.36,13.01,13.01,111000.0
2015-03-11,13.11,13.13,12.007,13.03,13.03,47500.0
2015-03-12,13.08,13.1,12.9,13.08,13.08,85100.0
2015-03-13,13.14,13.51,12.85,13.43,13.43,83000.0
2015-03-16,13.44,13.478,13.07,13.32,13.32,31200.0
2015-03-17,13.33,13.39,13.06,13.24,13.24,33100.0
2015-03-18,13.24,13.31,13.1,13.26,13.26,78200.0
2015-03-19,13.17,13.26,12.84,13.13,13.13,52200.0
2015-03-20,13.15,13.48,12.94,13.4,13.4,239900.0
2015-03-23,13.34,14.19,13.24,13.83,13.83,85400.0
2015-03-24,13.84,13.92,13.52,13.7,13.7,62200.0
2015-03-25,13.7,13.7,13.25,13.45,13.45,83400.0
2015-03-26,13.4,13.61,13.35,13.47,13.47,52100.0
2015-03-27,13.42,13.47,13.38,13.45,13.45,33700.0
2015-03-30,13.45,13.58,13.369,13.55,13.55,68900.0
2015-03-31,13.5,14.16,13.34,14.14,14.14,210200.0
2015-04-01,14.03,14.37,14.03,14.28,14.28,150700.0
2015-04-02,14.31,14.33,14.02,14.1,14.1,58600.0
2015-04-06,14.0,14.13,13.55,13.57,13.57,110100.0
2015-04-07,13.57,13.92,13.38,13.44,13.44,86100.0
2015-04-08,13.42,13.58,13.3,13.51,13.51,41400.0
2015-04-09,13.45,13.62,12.87,13.0,13.0,44200.0
2015-04-10,13.11,13.44,12.96,13.34,13.34,96300.0
2015-04-13,13.34,13.45,13.26,13.4,13.4,23100.0
2015-04-14,13.41,13.41,13.19,13.34,13.34,16300.0
2015-04-15,13.33,13.33,12.75,13.05,13.05,60800.0
2015-04-16,13.05,13.105,12.635,12.85,12.85,41800.0
2015-04-17,12.67,13.11,12.54,13.02,13.02,87600.0
2015-04-20,13.06,14.2,13.06,14.06,14.06,81900.0
2015-04-21,14.18,14.2,13.88,14.17,14.17,112500.0
2015-04-22,14.23,14.23,14.01,14.07,14.07,73200.0
2015-04-23,14.09,14.09,13.8,13.97,13.97,22900.0
2015-04-24,13.95,14.07,13.58,13.67,13.67,26000.0
2015-04-27,13.71,14.1,13.26,13.42,13.42,38000.0
2015-04-28,13.37,13.48,12.98,13.07,13.07,53900.0
2015-04-29,12.98,13.31,12.98,13.2,13.2,29800.0
2015-04-30,13.07,13.08,12.75,12.79,12.79,65600.0
2015-05-01,12.78,12.87,12.2,12.44,12.44,66700.0
2015-05-04,12.39,12.838,12.35,12.72,12.72,54800.0
2015-05-05,12.74,12.74,12.4,12.61,12.61,63600.0
2015-05-06,12.55,12.92,12.55,12.8,12.8,70300.0
2015-05-07,12.74,12.93,12.73,12.77,12.77,46000.0
2015-05-08,12.88,13.29,12.64,13.22,13.22,74700.0
2015-05-11,13.14,13.3,12.84,12.87,12.87,34500.0
2015-05-12,13.72,13.72,12.59,13.3,13.3,53600.0
2015-05-13,13.6,13.6,13.2,13.24,13.24,26800.0
2015-05-14,13.25,13.55,13.1,13.53,13.53,77100.0
2015-05-15,13.48,14.75,12.88,14.5,14.5,201300.0
2015-05-18,14.52,16.129998999999998,14.35,15.75,15.75,408100.0
2015-05-19,15.68,15.77,15.26,15.31,15.31,175700.0
2015-05-20,15.24,15.65,15.12,15.31,15.31,87900.0
2015-05-21,15.25,15.5,15.07,15.35,15.35,51700.0
2015-05-22,15.29,15.56,14.76,15.17,15.17,51000.0
2015-05-26,15.2,15.27,14.51,15.07,15.07,74000.0
2015-05-27,15.14,15.24,15.0,15.24,15.24,39900.0
2015-05-28,15.24,15.49,14.948,15.45,15.45,59000.0
2015-05-29,15.48,15.87,15.36,15.58,15.58,100700.0
2015-06-01,15.76,16.0,15.12,15.61,15.61,73000.0
2015-06-02,15.55,15.89,15.27,15.73,15.73,75100.0
2015-06-03,15.51,16.452,15.395,16.360001,16.360001,145900.0
2015-06-04,16.35,16.9,16.24,16.59,16.59,148900.0
2015-06-05,16.49,17.01,16.049999,16.41,16.41,293200.0
2015-06-08,16.280001000000002,16.450001,15.79,15.84,15.84,129100.0
2015-06-09,15.77,16.18,15.54,15.82,15.82,93100.0
2015-06-10,15.88,16.1,15.798,15.96,15.96,62100.0
2015-06-11,15.92,15.95,15.54,15.62,15.62,57000.0
2015-06-12,15.5,15.75,15.5,15.65,15.65,29500.0
2015-06-15,15.49,15.58,15.25,15.46,15.46,127400.0
2015-06-16,15.39,15.88,15.33,15.59,15.59,43800.0
2015-06-17,15.58,15.79,15.4,15.62,15.62,46100.0
2015-06-18,15.5,15.96,15.32,15.75,15.75,96500.0
2015-06-19,15.8,15.84,15.58,15.7,15.7,86900.0
2015-06-22,15.67,15.74,15.64,15.73,15.73,89800.0
2015-06-23,15.67,15.75,15.61,15.66,15.66,50400.0
2015-06-24,15.56,15.64,15.31,15.41,15.41,61900.0
2015-06-25,15.43,15.435,15.13,15.34,15.34,60200.0
2015-06-26,15.38,15.38,15.03,15.06,15.06,330200.0
2015-06-29,15.0,15.36,14.711,14.76,14.76,70900.0
2015-06-30,14.8,14.84,14.46,14.59,14.59,119500.0
2015-07-01,14.66,14.98,14.55,14.77,14.77,42700.0
2015-07-02,14.83,15.06,14.44,14.73,14.73,61300.0
2015-07-06,14.63,14.82,14.241,14.44,14.44,111300.0
2015-07-07,14.41,14.76,14.09,14.49,14.49,69200.0
2015-07-08,14.3,14.36,13.38,13.6,13.6,70100.0
2015-07-09,13.84,13.93,13.2,13.21,13.21,103100.0
2015-07-10,13.33,13.96,13.33,13.81,13.81,102500.0
2015-07-13,13.8,13.93,13.2,13.38,13.38,143500.0
2015-07-14,13.32,13.92,13.26,13.83,13.83,75500.0
2015-07-15,13.75,13.96,13.64,13.74,13.74,30900.0
2015-07-16,13.89,14.15,13.82,13.95,13.95,37000.0
2015-07-17,14.0,14.0,13.85,13.9,13.9,37900.0
2015-07-20,13.93,14.0,13.5,13.53,13.53,54300.0
2015-07-21,13.5,13.85,13.37,13.42,13.42,45600.0
2015-07-22,13.31,13.7,13.31,13.61,13.61,48300.0
2015-07-23,13.68,13.82,13.33,13.54,13.54,50800.0
2015-07-24,13.46,13.66,13.31,13.52,13.52,108300.0
2015-07-27,13.4,13.98,13.21,13.88,13.88,64700.0
2015-07-28,13.98,13.98,13.46,13.75,13.75,63600.0
2015-07-29,13.77,13.87,13.2,13.23,13.23,139000.0
2015-07-30,13.14,13.58,13.06,13.46,13.46,48500.0
2015-07-31,13.53,13.62,13.25,13.41,13.41,33400.0
2015-08-03,13.4,13.495,13.02,13.3,13.3,37700.0
2015-08-04,13.23,13.6,12.68,12.7,12.7,58900.0
2015-08-05,12.65,13.025,12.31,12.31,12.31,153500.0
2015-08-06,12.25,12.69,10.77,12.0,12.0,98500.0
2015-08-07,11.01,12.3,11.01,11.85,11.85,160500.0
2015-08-10,11.84,11.94,11.5,11.78,11.78,72300.0
2015-08-11,11.88,12.08,11.64,11.82,11.82,124800.0
2015-08-12,11.77,11.86,11.28,11.68,11.68,61700.0
2015-08-13,11.71,11.9,11.55,11.59,11.59,50100.0
2015-08-14,11.55,11.75,11.08,11.74,11.74,94800.0
2015-08-17,11.73,11.99,11.665,11.88,11.88,139400.0
2015-08-18,11.83,11.9,11.58,11.65,11.65,38600.0
2015-08-19,11.56,11.66,11.22,11.55,11.55,31600.0
2015-08-20,11.36,11.61,11.26,11.55,11.55,48500.0
2015-08-21,11.32,11.77,11.27,11.68,11.68,66600.0
2015-08-24,11.19,11.49,10.74,11.25,11.25,56600.0
2015-08-25,11.61,11.895,11.03,11.41,11.41,78300.0
2015-08-26,11.6,11.69,11.24,11.64,11.64,39900.0
2015-08-27,11.67,11.74,11.08,11.31,11.31,66800.0
2015-08-28,11.23,11.84,11.23,11.57,11.57,45700.0
2015-08-31,11.61,11.77,11.525,11.75,11.75,70400.0
2015-09-01,11.56,11.76,11.33,11.36,11.36,43700.0
2015-09-02,11.53,11.53,11.25,11.34,11.34,95700.0
2015-09-03,11.4,11.54,11.25,11.41,11.41,41400.0
2015-09-04,11.25,11.4,11.22,11.32,11.32,48500.0
2015-09-08,11.46,11.48,11.03,11.31,11.31,52200.0
2015-09-09,11.32,11.46,11.15,11.2,11.2,53400.0
2015-09-10,11.15,11.16,10.91,11.08,11.08,28700.0
2015-09-11,10.98,11.01,10.75,11.0,11.0,26500.0
2015-09-14,10.93,11.04,10.88,10.99,10.99,37500.0
2015-09-15,10.96,11.198,10.89,11.15,11.15,42800.0
2015-09-16,11.13,11.4,11.11,11.32,11.32,38000.0
2015-09-17,11.28,11.78,11.28,11.58,11.58,45100.0
2015-09-18,11.38,11.48,11.25,11.43,11.43,50700.0
2015-09-21,11.41,11.575,11.25,11.28,11.28,35700.0
2015-09-22,11.15,11.38,11.07,11.33,11.33,46000.0
2015-09-23,11.41,11.87,11.05,11.77,11.77,64700.0
2015-09-24,11.67,11.76,11.41,11.68,11.68,47600.0
2015-09-25,11.76,11.795,11.61,11.7,11.7,67900.0
2015-09-28,11.66,11.9,11.44,11.7,11.7,83900.0
2015-09-29,11.75,11.8,11.66,11.71,11.71,78800.0
2015-09-30,11.75,12.1,11.57,11.93,11.93,46500.0
2015-10-01,11.87,11.88,11.3,11.81,11.81,116000.0
2015-10-02,11.75,11.98,11.73,11.98,11.98,43400.0
2015-10-05,12.0,12.59,11.94,12.3,12.3,44700.0
2015-10-06,12.29,12.33,11.9,11.97,11.97,34900.0
2015-10-07,12.02,12.26,12.02,12.15,12.15,35700.0
2015-10-08,12.06,12.315,11.947,12.25,12.25,33800.0
2015-10-09,12.31,12.47,12.22,12.42,12.42,32100.0
2015-10-12,12.38,12.47,12.22,12.45,12.45,40300.0
2015-10-13,12.4,12.4,12.21,12.3,12.3,29700.0
2015-10-14,12.23,12.36,12.215,12.29,12.29,39200.0
2015-10-15,12.33,12.379,11.76,12.25,12.25,40000.0
2015-10-16,12.3,12.3,11.5,11.64,11.64,35100.0
2015-10-19,11.61,11.77,11.27,11.35,11.35,21500.0
2015-10-20,11.3,11.57,11.3,11.36,11.36,63800.0
2015-10-21,11.38,11.466,10.99,11.0,11.0,61700.0
2015-10-22,11.14,12.015,11.14,11.98,11.98,45300.0
2015-10-23,12.05,12.06,11.5,11.78,11.78,39000.0
2015-10-26,11.74,11.74,11.0,11.16,11.16,42400.0
2015-10-27,11.14,11.2,10.52,10.58,10.58,162400.0
2015-10-28,10.5,11.8,10.5,11.78,11.78,52900.0
2015-10-29,11.7,12.34,11.41,11.48,11.48,40500.0
2015-10-30,11.24,11.53,11.24,11.39,11.39,41600.0
2015-11-02,11.37,11.86,11.37,11.78,11.78,47400.0
2015-11-03,12.0,12.208,11.82,11.86,11.86,73200.0
2015-11-04,11.95,12.28,11.79,12.14,12.14,56600.0
2015-11-05,12.17,12.31,11.8,12.28,12.28,41500.0
2015-11-06,12.17,12.18,11.43,11.81,11.81,48200.0
2015-11-09,11.79,11.84,10.65,10.73,10.73,39700.0
2015-11-10,10.75,11.16,10.64,10.94,10.94,52200.0
2015-11-11,10.89,11.31,10.83,11.14,11.14,64300.0
2015-11-12,11.02,11.12,10.635,10.73,10.73,48500.0
2015-11-13,10.61,10.85,10.4,10.78,10.78,39500.0
2015-11-16,10.72,10.92,10.56,10.78,10.78,46000.0
2015-11-17,10.88,10.93,10.34,10.5,10.5,69900.0
2015-11-18,10.54,10.85,10.38,10.76,10.76,44200.0
2015-11-19,10.69,11.07,10.46,10.51,10.51,45700.0
2015-11-20,10.58,10.75,10.43,10.56,10.56,58000.0
2015-11-23,10.62,11.0,10.56,10.72,10.72,51400.0
2015-11-24,10.63,11.0,10.63,10.99,10.99,52100.0
2015-11-25,11.03,11.36,10.92,11.06,11.06,65700.0
2015-11-27,11.08,11.74,11.055,11.65,11.65,24000.0
2015-11-30,11.73,11.76,11.43,11.46,11.46,64500.0
2015-12-01,11.6,11.79,11.4,11.4,11.4,46000.0
2015-12-02,11.44,11.58,11.2,11.24,11.24,35700.0
2015-12-03,11.3,11.6,10.86,10.9,10.9,52100.0
2015-12-04,10.89,11.39,10.805,11.17,11.17,83200.0
2015-12-07,11.09,11.26,10.72,10.98,10.98,89500.0
2015-12-08,10.88,11.14,10.83,10.9,10.9,59300.0
2015-12-09,10.83,11.07,10.54,10.57,10.57,39500.0
2015-12-10,10.6,10.6,10.47,10.53,10.53,60800.0
2015-12-11,10.29,11.08,10.29,10.73,10.73,79100.0
2015-12-14,10.73,10.9,10.4,10.77,10.77,93200.0
2015-12-15,10.81,11.33,10.81,10.92,10.92,82400.0
2015-12-16,10.92,11.71,10.8,11.68,11.68,90500.0
2015-12-17,11.69,12.49,11.27,12.44,12.44,483000.0
2015-12-18,12.36,12.37,11.53,11.75,11.75,199900.0
2015-12-21,12.03,12.03,11.35,11.74,11.74,78700.0
2015-12-22,11.71,11.71,11.28,11.42,11.42,57000.0
2015-12-23,11.62,11.705,11.35,11.43,11.43,62100.0
2015-12-24,11.39,12.26,11.39,11.9,11.9,36000.0
2015-12-28,11.83,11.87,11.32,11.55,11.55,33500.0
2015-12-29,11.63,11.8,11.45,11.66,11.66,33700.0
2015-12-30,11.58,11.96,11.41,11.55,11.55,33800.0
2015-12-31,11.55,11.62,10.95,10.99,10.99,47600.0
2016-01-04,10.79,10.94,10.64,10.78,10.78,95000.0
2016-01-05,10.99,11.207,10.56,10.78,10.78,67500.0
2016-01-06,10.64,10.768,10.49,10.56,10.56,61400.0
2016-01-07,10.35,10.84,10.01,10.03,10.03,71000.0
2016-01-08,9.99,10.2,9.5,9.57,9.57,95300.0
2016-01-11,9.59,9.71,9.37,9.59,9.59,44600.0
2016-01-12,9.7,9.96,9.41,9.66,9.66,72200.0
2016-01-13,9.68,9.88,9.31,9.37,9.37,71800.0
2016-01-14,9.45,9.83,9.26,9.61,9.61,45100.0
2016-01-15,9.32,9.57,9.25,9.43,9.43,56000.0
2016-01-19,9.52,9.75,9.44,9.61,9.61,46700.0
2016-01-20,9.5,10.0,9.34,9.78,9.78,64800.0
2016-01-21,9.78,9.89,9.4,9.48,9.48,50900.0
2016-01-22,9.64,9.79,9.43,9.61,9.61,76700.0
2016-01-25,9.57,9.8,9.47,9.65,9.65,34500.0
2016-01-26,9.73,9.963,9.7,9.72,9.72,56800.0
2016-01-27,9.7,9.89,9.36,9.65,9.65,77300.0
2016-01-28,9.7,9.7,9.46,9.69,9.69,70200.0
2016-01-29,9.7,10.08,9.62,10.04,10.04,196200.0
2016-02-01,9.98,9.98,9.533,9.65,9.65,70000.0
2016-02-02,9.62,9.63,9.3,9.45,9.45,59300.0
2016-02-03,9.43,9.64,9.15,9.59,9.59,37900.0
2016-02-04,9.4,9.64,9.3,9.58,9.58,50400.0
2016-02-05,9.58,10.0,9.41,9.42,9.42,84300.0
2016-02-08,9.45,10.68,9.32,10.58,10.58,94900.0
2016-02-09,10.44,10.711,10.28,10.5,10.5,41800.0
2016-02-10,10.6,10.815,10.45,10.46,10.46,61200.0
2016-02-11,10.29,10.54,10.24,10.3,10.3,58200.0
2016-02-12,10.4,10.98,10.4,10.82,10.82,67600.0
2016-02-16,10.96,11.19,10.91,11.09,11.09,70300.0
2016-02-17,11.14,11.18,10.84,10.95,10.95,97500.0
2016-02-18,10.96,11.08,10.74,10.8,10.8,55900.0
2016-02-19,10.78,11.09,10.78,11.03,11.03,81700.0
2016-02-22,11.09,11.09,10.87,10.95,10.95,72500.0
2016-02-23,10.94,11.06,10.89,10.89,10.89,66100.0
2016-02-24,10.76,11.1,10.76,11.08,11.08,62700.0
2016-02-25,11.09,11.18,11.026,11.18,11.18,62500.0
2016-02-26,11.2,11.68,11.1,11.5,11.5,63100.0
2016-02-29,11.46,11.92,11.39,11.42,11.42,91800.0
2016-03-01,11.5,11.99,11.5,11.59,11.59,44000.0
2016-03-02,11.54,11.73,11.35,11.4,11.4,60000.0
2016-03-03,11.37,11.86,11.22,11.58,11.58,71000.0
2016-03-04,11.56,11.8,11.4,11.63,11.63,65600.0
2016-03-07,11.55,11.9,11.5,11.58,11.58,63200.0
2016-03-08,11.54,11.66,11.5,11.5,11.5,55800.0
2016-03-09,11.54,11.7,11.35,11.69,11.69,45100.0
2016-03-10,11.63,11.73,11.54,11.55,11.55,55100.0
2016-03-11,11.63,11.73,11.525,11.7,11.7,54400.0
2016-03-14,11.64,11.85,11.57,11.71,11.71,51700.0
2016-03-15,11.67,11.67,11.54,11.55,11.55,57600.0
2016-03-16,11.55,11.73,11.541,11.63,11.63,26200.0
2016-03-17,11.55,11.85,11.54,11.75,11.75,46200.0
2016-03-18,11.84,12.1,11.56,12.07,12.07,133200.0
2016-03-21,12.04,12.09,11.77,11.81,11.81,77900.0
2016-03-22,11.78,11.895,11.54,11.62,11.62,65100.0
2016-03-23,11.62,11.8,11.461,11.59,11.59,69900.0
2016-03-24,11.55,12.02,11.49,11.85,11.85,35800.0
2016-03-28,11.85,11.86,11.625,11.66,11.66,54200.0
2016-03-29,11.65,11.71,11.37,11.69,11.69,123000.0
2016-03-30,11.69,11.84,10.7,11.75,11.75,33500.0
2016-03-31,11.71,11.87,11.12,11.17,11.17,219800.0
2016-04-01,11.11,11.51,11.11,11.31,11.31,83800.0
2016-04-04,11.37,11.39,11.08,11.17,11.17,111000.0
2016-04-05,11.06,11.25,11.03,11.1,11.1,93800.0
2016-04-06,11.09,11.16,10.94,11.09,11.09,54500.0
2016-04-07,10.97,11.01,10.62,10.68,10.68,72100.0
2016-04-08,10.74,11.0,10.53,10.57,10.57,65400.0
2016-04-11,10.61,11.195,10.6,11.0,11.0,72200.0
2016-04-12,10.93,11.47,10.93,11.3,11.3,74600.0
2016-04-13,11.3,11.52,11.3,11.52,11.52,124200.0
2016-04-14,11.45,11.47,11.23,11.25,11.25,37400.0
2016-04-15,11.18,11.36,11.04,11.32,11.32,25900.0
2016-04-18,11.24,11.45,11.16,11.44,11.44,35000.0
2016-04-19,11.4,11.47,11.28,11.29,11.29,63900.0
2016-04-20,11.23,11.3,11.02,11.26,11.26,34800.0
2016-04-21,11.24,11.305,11.1,11.28,11.28,87800.0
2016-04-22,11.3,11.336,11.255,11.29,11.29,49300.0
2016-04-25,11.23,11.429,11.07,11.17,11.17,25100.0
2016-04-26,11.15,11.2,11.077,11.19,11.19,61000.0
2016-04-27,11.16,11.26,11.02,11.25,11.25,36800.0
2016-04-28,11.2,11.25,11.06,11.12,11.12,24200.0
2016-04-29,11.13,11.15,10.87,10.94,10.94,31200.0
2016-05-02,10.92,11.14,10.75,11.11,11.11,32300.0
2016-05-03,10.99,11.01,10.68,10.69,10.69,35100.0
2016-05-04,10.62,10.83,10.57,10.59,10.59,28400.0
2016-05-05,11.24,11.24,10.57,10.59,10.59,42500.0
2016-05-06,10.17,10.84,9.98,10.8,10.8,181900.0
2016-05-09,10.86,11.15,10.68,11.07,11.07,51700.0
2016-05-10,11.1,11.1,10.44,10.62,10.62,31800.0
2016-05-11,10.61,10.8,10.58,10.59,10.59,68100.0
2016-05-12,10.6,10.73,10.55,10.61,10.61,59600.0
2016-05-13,10.74,10.86,10.69,10.72,10.72,71300.0
2016-05-16,10.7,10.99,10.7,10.92,10.92,46300.0
2016-05-17,10.77,10.81,10.43,10.47,10.47,61600.0
2016-05-18,10.43,10.88,10.43,10.7,10.7,51900.0
2016-05-19,10.6,10.71,10.3,10.32,10.32,249200.0
2016-05-20,10.39,11.03,10.39,11.0,11.0,95800.0
2016-05-23,11.01,11.23,10.75,11.04,11.04,113000.0
2016-05-24,11.1,11.5,11.08,11.4,11.4,83100.0
2016-05-25,11.4,11.45,11.06,11.18,11.18,15300.0
2016-05-26,11.14,11.33,11.07,11.28,11.28,21600.0
2016-05-27,11.35,11.47,11.0,11.29,11.29,17500.0
2016-05-31,11.34,11.34,11.07,11.27,11.27,45700.0
2016-06-01,11.15,11.25,11.14,11.23,11.23,25900.0
2016-06-02,11.19,11.38,11.03,11.37,11.37,38900.0
2016-06-03,11.25,11.54,11.24,11.35,11.35,57200.0
2016-06-06,11.35,11.62,11.33,11.46,11.46,73800.0
2016-06-07,11.43,11.63,11.43,11.49,11.49,26700.0
2016-06-08,11.46,11.8,11.46,11.7,11.7,87500.0
2016-06-09,11.7,11.85,11.6,11.76,11.76,48000.0
2016-06-10,11.72,11.9,11.51,11.73,11.73,29600.0
2016-06-13,11.63,11.7,11.555,11.59,11.59,43600.0
2016-06-14,11.55,11.99,11.55,11.78,11.78,64400.0
2016-06-15,11.85,11.99,11.655,11.75,11.75,42700.0
2016-06-16,11.7,12.1,11.7,12.06,12.06,37100.0
2016-06-17,12.03,12.05,11.83,11.94,11.94,118800.0
2016-06-20,12.05,12.34,11.99,12.27,12.27,53600.0
2016-06-21,12.23,12.45,11.609,12.36,12.36,66400.0
2016-06-22,12.42,12.47,12.1,12.15,12.15,28700.0
2016-06-23,12.22,12.7,12.22,12.55,12.55,68100.0
2016-06-24,12.0,12.42,12.0,12.34,12.34,200600.0
2016-06-27,12.17,12.215,11.9,12.04,12.04,93300.0
2016-06-28,12.09,12.26,11.89,12.05,12.05,77300.0
2016-06-29,12.1,12.22,11.92,12.07,12.07,165100.0
2016-06-30,12.13,12.55,12.035,12.45,12.45,68800.0
2016-07-01,12.41,12.48,12.1,12.22,12.22,58900.0
2016-07-05,12.15,12.47,11.89,12.16,12.16,33300.0
2016-07-06,12.15,12.31,12.15,12.2,12.2,34100.0
2016-07-07,12.22,12.3,12.09,12.22,12.22,44700.0
2016-07-08,12.27,12.83,12.26,12.78,12.78,57000.0
2016-07-11,12.79,12.93,12.76,12.83,12.83,30200.0
2016-07-12,12.85,13.13,12.44,12.91,12.91,34000.0
2016-07-13,12.91,12.93,12.59,12.73,12.73,54500.0
2016-07-14,12.79,12.97,12.66,12.82,12.82,19100.0
2016-07-15,12.94,12.94,12.67,12.9,12.9,26000.0
2016-07-18,12.89,12.9,12.66,12.79,12.79,23300.0
2016-07-19,12.8,12.8,12.64,12.69,12.69,30400.0
2016-07-20,12.79,12.83,12.65,12.75,12.75,19500.0
2016-07-21,12.71,12.71,12.64,12.65,12.65,23100.0
2016-07-22,12.64,12.7,12.49,12.64,12.64,47400.0
2016-07-25,12.57,12.63,12.52,12.6,12.6,10000.0
2016-07-26,12.55,12.92,12.55,12.7,12.7,11800.0
2016-07-27,12.67,12.82,12.46,12.79,12.79,56500.0
2016-07-28,12.69,12.75,12.62,12.74,12.74,15700.0
2016-07-29,12.75,12.75,12.51,12.62,12.62,41400.0
2016-08-01,12.58,12.74,12.42,12.68,12.68,33800.0
2016-08-02,12.72,12.75,12.4,12.42,12.42,21700.0
2016-08-03,12.45,12.45,12.25,12.32,12.32,34000.0
2016-08-04,12.27,12.32,11.641,12.05,12.05,28200.0
2016-08-05,12.05,12.31,12.05,12.22,12.22,45100.0
2016-08-08,12.31,12.31,12.23,12.24,12.24,21600.0
2016-08-09,12.27,12.35,12.27,12.31,12.31,13300.0
2016-08-10,12.25,12.35,12.23,12.29,12.29,26000.0
2016-08-11,12.3,12.33,12.21,12.27,12.27,43600.0
2016-08-12,12.13,12.3,12.13,12.24,12.24,24100.0
2016-08-15,12.22,12.3,12.21,12.24,12.24,23500.0
2016-08-16,12.2,12.28,12.13,12.14,12.14,27500.0
2016-08-17,12.14,12.22,11.95,12.04,12.04,27300.0
2016-08-18,11.78,12.13,11.78,12.1,12.1,27200.0
2016-08-19,12.04,12.27,12.04,12.15,12.15,46700.0
2016-08-22,12.16,12.17,11.95,12.1,12.1,32200.0
2016-08-23,12.18,12.22,12.11,12.15,12.15,32700.0
2016-08-24,12.2,12.21,12.03,12.19,12.19,63400.0
2016-08-25,12.19,12.31,12.13,12.19,12.19,58200.0
2016-08-26,12.2,12.2,12.0,12.03,12.03,23500.0
2016-08-29,12.04,12.215,12.04,12.2,12.2,97800.0
2016-08-30,12.2,12.25,12.14,12.17,12.17,69400.0
2016-08-31,12.05,12.29,12.0,12.12,12.12,50200.0
2016-09-01,12.18,12.2,12.03,12.2,12.2,37600.0
2016-09-02,12.2,12.24,12.06,12.2,12.2,33300.0
2016-09-06,12.19,12.22,12.16,12.18,12.18,112100.0
2016-09-07,12.2,12.25,12.17,12.18,12.18,192100.0
2016-09-08,12.2,12.22,12.11,12.2,12.2,94800.0
2016-09-09,12.15,12.2,11.93,11.94,11.94,78500.0
2016-09-12,11.96,12.2,11.82,12.2,12.2,90000.0
2016-09-13,12.13,12.26,11.96,12.01,12.01,91000.0
2016-09-14,12.07,12.155,11.54,12.04,12.04,62500.0
2016-09-15,12.05,12.15,11.85,12.1,12.1,115900.0
2016-09-16,12.13,12.29,11.67,11.94,11.94,333100.0
2016-09-19,12.0,12.34,12.0,12.3,12.3,70900.0
2016-09-20,12.29,12.68,12.29,12.64,12.64,73700.0
2016-09-21,12.58,12.8,12.26,12.79,12.79,124600.0
2016-09-22,12.8,13.25,12.41,13.2,13.2,90600.0
2016-09-23,13.16,13.39,12.8,13.23,13.23,68000.0
2016-09-26,13.2,13.38,13.0,13.13,13.13,62500.0
2016-09-27,13.19,13.35,13.19,13.31,13.31,78700.0
2016-09-28,13.3,13.64,13.3,13.41,13.41,118600.0
2016-09-29,13.39,13.56,13.215,13.27,13.27,95500.0
2016-09-30,13.45,14.279,13.17,13.86,13.86,205800.0
2016-10-03,13.75,13.87,13.61,13.66,13.66,90500.0
2016-10-04,13.83,13.84,13.5,13.65,13.65,46000.0
2016-10-05,13.64,13.99,13.64,13.86,13.86,92900.0
2016-10-06,13.9,14.04,13.7,14.03,14.03,106300.0
2016-10-07,13.93,14.05,13.75,13.9,13.9,85900.0
2016-10-10,13.82,14.02,13.76,13.79,13.79,123600.0
2016-10-11,13.69,13.76,13.51,13.55,13.55,71200.0
2016-10-12,13.45,13.74,13.38,13.59,13.59,74800.0
2016-10-13,13.46,13.77,13.46,13.62,13.62,82600.0
2016-10-14,13.68,13.897,13.66,13.68,13.68,67400.0
2016-10-17,13.65,14.0,13.65,13.8,13.8,126100.0
2016-10-18,13.95,14.0,13.8,13.95,13.95,55200.0
2016-10-19,13.8,14.0,13.65,13.8,13.8,58400.0
2016-10-20,13.65,13.85,13.55,13.75,13.75,76500.0
2016-10-21,13.6,13.975,13.6,13.8,13.8,59000.0
2016-10-24,13.8,14.15,13.8,14.0,14.0,61000.0
2016-10-25,13.95,13.976,13.6,13.9,13.9,63200.0
2016-10-26,13.85,14.1,13.85,13.9,13.9,59100.0
2016-10-27,14.05,14.1,13.775,13.95,13.95,69300.0
2016-10-28,14.0,14.1,13.85,13.95,13.95,63800.0
2016-10-31,14.05,14.05,13.85,13.9,13.9,107800.0
2016-11-01,14.0,14.05,13.9,14.0,14.0,76900.0
2016-11-02,14.05,14.1,13.8,13.85,13.85,115600.0
2016-11-03,14.2,14.2,13.85,13.95,13.95,105900.0
2016-11-04,14.15,14.45,13.95,13.95,13.95,198700.0
2016-11-07,14.2,14.85,14.0,14.55,14.55,177300.0
2016-11-08,14.6,14.9,13.746,14.8,14.8,127800.0
2016-11-09,14.55,15.3,14.5,15.25,15.25,188300.0
2016-11-10,15.3,15.9,15.1,15.75,15.75,141400.0
2016-11-11,15.8,16.75,15.605,16.75,16.75,266900.0
2016-11-14,17.450001,17.450001,16.691999,16.85,16.85,235600.0
2016-11-15,17.0,17.049999,16.6,16.799999,16.799999,138800.0
2016-11-16,16.85,16.950001,16.700001,16.75,16.75,232000.0
2016-11-17,16.85,16.85,16.4,16.700001,16.700001,121700.0
2016-11-18,16.799999,16.950001,16.6,16.9,16.9,157100.0
2016-11-21,16.950001,17.200001,16.881001,17.15,17.15,117700.0
2016-11-22,17.35,17.5,17.15,17.5,17.5,157100.0
2016-11-23,17.4,17.75,17.25,17.65,17.65,83200.0
2016-11-25,17.5,17.9,17.5,17.85,17.85,37400.0
2016-11-28,18.0,18.325001,17.9,18.1,18.1,217200.0
2016-11-29,18.200001,18.200001,17.674999,17.700001,17.700001,102600.0
2016-11-30,17.65,17.950001,17.25,17.450001,17.450001,97800.0
2016-12-01,17.6,17.799999,17.0,17.25,17.25,67500.0
2016-12-02,17.200001,17.75,17.1,17.6,17.6,75100.0
2016-12-05,17.200001,17.549999,17.200001,17.450001,17.450001,154100.0
2016-12-06,17.5,18.0,17.450001,17.9,17.9,134400.0
2016-12-07,18.0,18.0,17.6,17.65,17.65,116000.0
2016-12-08,17.75,17.950001,17.5,17.65,17.65,206400.0
2016-12-09,17.549999,17.75,17.4,17.6,17.6,174600.0
2016-12-12,17.450001,18.5,17.450001,18.35,18.35,202700.0
2016-12-13,18.5,18.9,18.25,18.5,18.5,197900.0
2016-12-14,18.4,18.75,18.25,18.35,18.35,128600.0
2016-12-15,18.25,18.85,17.85,18.4,18.4,134600.0
2016-12-16,18.5,18.85,18.25,18.6,18.6,272600.0
2016-12-19,18.65,18.85,18.325001,18.450001,18.450001,96900.0
2016-12-20,18.549999,18.950001,18.5,18.950001,18.950001,77400.0
2016-12-21,18.799999,19.0,18.6,18.65,18.65,52400.0
2016-12-22,18.6,18.700001,18.299999,18.35,18.35,65500.0
2016-12-23,18.5,18.666,18.4,18.5,18.5,54300.0
2016-12-27,18.549999,18.9,18.549999,18.700001,18.700001,73100.0
2016-12-28,18.75,18.75,18.299999,18.299999,18.299999,50600.0
2016-12-29,18.4,18.549999,18.25,18.35,18.35,91700.0
2016-12-30,18.5,18.5,18.0,18.200001,18.200001,152800.0
2017-01-03,18.25,18.450001,17.85,18.200001,18.200001,124400.0
2017-01-04,18.25,18.395,18.200001,18.299999,18.299999,122800.0
2017-01-05,18.35,18.35,17.75,17.9,17.9,98100.0
2017-01-06,17.9,17.950001,17.25,17.5,17.5,82300.0
2017-01-09,17.5,17.700001,17.0,17.450001,17.450001,100100.0
2017-01-10,17.4,17.799999,17.4,17.700001,17.700001,90900.0
2017-01-11,17.65,17.950001,17.5,17.75,17.75,83000.0
2017-01-12,17.799999,17.9,17.299999,17.65,17.65,50800.0
2017-01-13,17.799999,18.25,17.799999,17.950001,17.950001,55100.0
2017-01-17,17.9,17.9,17.5,17.6,17.6,83200.0
2017-01-18,17.75,17.799999,17.4,17.700001,17.700001,86500.0
2017-01-19,17.799999,17.799999,17.025,17.049999,17.049999,110000.0
2017-01-20,17.1,17.5,17.0,17.1,17.1,106000.0
2017-01-23,17.0,17.4,16.950001,17.25,17.25,73500.0
2017-01-24,17.299999,17.9,17.200001,17.4,17.4,89400.0
2017-01-25,17.4,17.725,17.4,17.6,17.6,77100.0
2017-01-26,17.549999,17.6,17.4,17.5,17.5,42500.0
2017-01-27,17.4,17.799999,17.4,17.6,17.6,43900.0
2017-01-30,17.450001,17.450001,17.1,17.15,17.15,80400.0
2017-01-31,17.15,17.35,16.799999,17.1,17.1,103300.0
2017-02-01,17.200001,17.25,17.0,17.1,17.1,63300.0
2017-02-02,18.0,18.0,16.549999,16.85,16.85,106900.0
2017-02-03,16.9,17.15,16.85,16.9,16.9,76700.0
2017-02-06,16.950001,16.950001,16.15,16.6,16.6,100800.0
2017-02-07,16.65,16.9,16.4,16.6,16.6,94000.0
2017-02-08,16.549999,16.700001,16.299999,16.450001,16.450001,65400.0
2017-02-09,16.549999,16.950001,16.450001,16.799999,16.799999,62400.0
2017-02-10,16.9,17.1,16.75,17.049999,17.049999,94500.0
2017-02-13,17.15,17.15,16.75,16.85,16.85,73200.0
2017-02-14,16.700001,16.700001,16.200001,16.299999,16.299999,109600.0
2017-02-15,16.200001,16.450001,16.025,16.1,16.1,107700.0
2017-02-16,16.1,16.200001,15.85,16.049999,16.049999,155500.0
2017-02-17,16.1,16.525,16.0,16.5,16.5,121500.0
2017-02-21,16.549999,16.65,16.35,16.6,16.6,52200.0
2017-02-22,16.65,16.65,16.450001,16.5,16.5,40000.0
2017-02-23,16.549999,16.6,16.225,16.450001,16.450001,43200.0
2017-02-24,16.35,16.75,16.25,16.549999,16.549999,82700.0
2017-02-27,16.5,16.674999,16.25,16.5,16.5,92400.0
2017-02-28,16.5,16.549999,16.0,16.1,16.1,89800.0
2017-03-01,16.35,16.75,16.25,16.450001,16.450001,92500.0
2017-03-02,16.450001,16.5,16.15,16.200001,16.200001,55800.0
2017-03-03,16.25,16.299999,16.049999,16.200001,16.200001,51100.0
2017-03-06,16.15,16.200001,16.0,16.1,16.1,52200.0
2017-03-07,16.15,16.35,16.1,16.15,16.15,57300.0
2017-03-08,16.25,16.4,15.9,15.9,15.9,60400.0
2017-03-09,16.0,16.200001,15.9,15.95,15.95,81600.0
2017-03-10,16.0,16.200001,15.7,15.7,15.7,109600.0
2017-03-13,15.7,15.775,15.3,15.35,15.35,130800.0
2017-03-14,15.3,15.55,15.1,15.2,15.2,162900.0
2017-03-15,15.25,15.9,15.25,15.65,15.65,191400.0
2017-03-16,15.75,16.25,15.65,16.049999,16.049999,164300.0
2017-03-17,15.95,16.25,15.8,16.0,16.0,199400.0
2017-03-20,16.0,16.125,15.85,16.0,16.0,168500.0
2017-03-21,16.0,16.049999,15.25,15.3,15.3,115900.0
2017-03-22,15.3,15.5,15.05,15.05,15.05,152700.0
2017-03-23,15.1,16.049999,15.05,16.0,16.0,105700.0
2017-03-24,16.049999,16.200001,15.95,16.049999,16.049999,50000.0
2017-03-27,15.95,16.275,15.7,16.25,16.25,59500.0
2017-03-28,16.25,16.35,16.0,16.35,16.35,47100.0
2017-03-29,16.25,16.35,16.1,16.25,16.25,48800.0
2017-03-30,16.200001,16.65,16.15,16.549999,16.549999,70000.0
2017-03-31,16.6,17.0,16.370001000000002,16.950001,16.950001,220900.0
2017-04-03,16.85,16.85,16.4,16.450001,16.450001,115800.0
2017-04-04,16.35,16.5,16.049999,16.200001,16.200001,70900.0
2017-04-05,16.1,16.450001,15.95,15.95,15.95,82400.0
2017-04-06,16.0,16.375,15.95,16.200001,16.200001,89800.0
2017-04-07,16.200001,16.450001,16.174999,16.450001,16.450001,71700.0
2017-04-10,16.450001,16.549999,16.15,16.35,16.35,65200.0
2017-04-11,16.299999,16.5,16.200001,16.35,16.35,52500.0
2017-04-12,16.25,16.299999,15.9,16.049999,16.049999,46700.0
2017-04-13,15.9,16.35,15.9,16.049999,16.049999,54700.0
2017-04-17,16.1,16.4,16.049999,16.35,16.35,65100.0
2017-04-18,16.299999,16.450001,16.15,16.35,16.35,37800.0
2017-04-19,16.4,16.450001,16.225,16.35,16.35,61400.0
2017-04-20,16.4,16.924999,16.35,16.85,16.85,60700.0
2017-04-21,16.9,17.200001,16.75,17.1,17.1,148200.0
2017-04-24,17.5,17.549999,17.25,17.450001,17.450001,61900.0
2017-04-25,17.65,17.950001,17.5,17.700001,17.700001,95900.0
2017-04-26,17.700001,18.0,17.549999,17.799999,17.799999,91500.0
2017-04-27,17.950001,17.950001,17.549999,17.6,17.6,44500.0
2017-04-28,17.65,17.65,17.200001,17.25,17.25,76700.0
2017-05-01,17.35,17.65,17.25,17.549999,17.549999,71500.0
2017-05-02,17.6,17.6,16.6,16.65,16.65,84000.0
2017-05-03,16.5,16.700001,16.35,16.4,16.4,68200.0
2017-05-04,16.5,16.6,16.1,16.4,16.4,96300.0
2017-05-05,16.450001,16.5,16.1,16.299999,16.299999,64400.0
2017-05-08,16.299999,16.450001,16.25,16.35,16.35,31600.0
2017-05-09,16.4,16.5,16.25,16.450001,16.450001,50400.0
2017-05-10,16.299999,16.5,16.15,16.4,16.4,55300.0
2017-05-11,16.35,16.5,16.200001,16.4,16.4,46500.0
2017-05-12,16.35,16.6,16.35,16.549999,16.549999,65200.0
2017-05-15,16.6,16.975,16.6,16.950001,16.950001,42700.0
2017-05-16,16.950001,17.549999,16.799999,17.200001,17.200001,95800.0
2017-05-17,16.85,17.1,16.299999,16.35,16.35,94400.0
2017-05-18,16.25,16.65,16.200001,16.25,16.25,78200.0
2017-05-19,16.299999,16.4,16.0,16.25,16.25,117000.0
2017-05-22,16.35,16.733999,16.200001,16.6,16.6,132700.0
2017-05-23,16.65,16.799999,16.450001,16.65,16.65,64100.0
2017-05-24,16.75,16.999001,16.575001,16.700001,16.700001,66600.0
2017-05-25,16.700001,17.299999,16.65,17.15,17.15,80300.0
2017-05-26,17.15,17.450001,17.1,17.25,17.25,66700.0
2017-05-30,17.25,17.35,17.0,17.0,17.0,116400.0
2017-05-31,17.049999,17.4,16.85,17.4,17.4,68800.0
2017-06-01,17.549999,18.1,17.549999,18.049999,18.049999,143300.0
2017-06-02,18.0,18.65,18.0,18.549999,18.549999,180300.0
2017-06-05,18.6,18.75,18.299999,18.35,18.35,161000.0
2017-06-06,18.200001,18.450001,18.025,18.200001,18.200001,74500.0
2017-06-07,18.15,18.450001,18.0,18.25,18.25,90400.0
2017-06-08,18.299999,18.75,18.15,18.65,18.65,88700.0
2017-06-09,18.799999,18.9,18.4,18.549999,18.549999,106000.0
2017-06-12,18.549999,18.75,18.15,18.6,18.6,99700.0
2017-06-13,18.5,18.85,18.299999,18.35,18.35,53200.0
2017-06-14,18.35,18.549999,18.1,18.35,18.35,75000.0
2017-06-15,18.200001,18.475,18.1,18.4,18.4,80700.0
2017-06-16,18.200001,18.35,18.0,18.299999,18.299999,118200.0
2017-06-19,18.35,18.4,18.0,18.200001,18.200001,75700.0
2017-06-20,18.1,18.299999,18.025,18.1,18.1,70400.0
2017-06-21,18.1,18.25,17.950001,17.950001,17.950001,70100.0
2017-06-22,18.0,18.15,17.700001,17.950001,17.950001,83300.0
2017-06-23,17.9,18.299999,17.799999,18.15,18.15,260700.0
2017-06-26,18.200001,18.299999,18.049999,18.15,18.15,58300.0
2017-06-27,18.049999,18.5,17.9,17.950001,17.950001,76900.0
2017-06-28,17.950001,18.5,17.9,18.450001,18.450001,62600.0
2017-06-29,18.4,18.75,18.0,18.200001,18.200001,65400.0
2017-06-30,18.25,18.299999,18.0,18.049999,18.049999,98900.0
2017-07-03,18.049999,18.35,17.85,18.200001,18.200001,54500.0
2017-07-05,18.200001,18.450001,17.950001,18.0,18.0,122800.0
2017-07-06,17.799999,18.200001,17.455,17.950001,17.950001,96600.0
2017-07-07,17.950001,18.299999,17.950001,18.200001,18.200001,45100.0
2017-07-10,18.1,18.4,18.0,18.1,18.1,73600.0
2017-07-11,18.049999,18.200001,17.950001,18.1,18.1,60900.0
2017-07-12,18.25,18.6,18.200001,18.549999,18.549999,55400.0
2017-07-13,18.5,18.5,18.15,18.450001,18.450001,41100.0
2017-07-14,18.450001,18.65,18.200001,18.5,18.5,56400.0
2017-07-17,18.450001,18.799999,18.35,18.6,18.6,65500.0
2017-07-18,18.450001,19.700001,18.450001,19.6,19.6,240800.0
2017-07-19,19.700001,20.299999,19.450001,20.0,20.0,160400.0
2017-07-20,20.1,20.25,19.65,20.1,20.1,59000.0
2017-07-21,20.25,20.25,19.549999,19.9,19.9,78500.0
2017-07-24,20.049999,20.25,19.35,19.700001,19.700001,59700.0
2017-07-25,19.799999,20.049999,19.549999,19.6,19.6,53100.0
2017-07-26,19.549999,19.700001,19.4,19.4,19.4,64600.0
2017-07-27,19.549999,19.65,19.049999,19.200001,19.200001,67200.0
2017-07-28,19.15,19.4,19.049999,19.299999,19.299999,50500.0
2017-07-31,19.299999,19.674999,19.0,19.450001,19.450001,71100.0
2017-08-01,19.6,19.700001,17.969998999999998,19.6,19.6,130300.0
2017-08-02,19.6,19.65,18.85,19.0,19.0,55400.0
2017-08-03,17.65,19.700001,17.65,18.65,18.65,70500.0
2017-08-04,18.700001,19.0,18.65,18.9,18.9,67700.0
2017-08-07,18.9,19.1,18.799999,18.975,18.975,51300.0
2017-08-08,19.0,19.450001,18.9,19.1,19.1,55300.0
2017-08-09,19.1,19.35,18.700001,19.1,19.1,43400.0
2017-08-10,18.85,19.049999,18.75,18.799999,18.799999,56200.0
2017-08-11,19.0,19.0,18.450001,18.549999,18.549999,44200.0
2017-08-14,18.549999,19.049999,18.049999,19.049999,19.049999,50500.0
2017-08-15,19.0,19.200001,18.950001,19.0,19.0,50000.0
2017-08-16,19.122,19.35,18.85,18.950001,18.950001,34300.0
2017-08-17,18.799999,18.9,18.299999,18.35,18.35,44900.0
2017-08-18,18.15,18.700001,18.15,18.4,18.4,50200.0
2017-08-21,18.299999,18.75,18.1,18.299999,18.299999,49800.0
2017-08-22,18.450001,18.6,18.299999,18.4,18.4,26400.0
2017-08-23,18.1,18.4,18.1,18.35,18.35,25100.0
2017-08-24,18.5,18.603001000000003,18.35,18.450001,18.450001,27900.0
2017-08-25,18.549999,18.799999,18.450001,18.6,18.6,51500.0
2017-08-28,18.700001,18.75,18.424999,18.6,18.6,47100.0
2017-08-29,18.4,18.979,18.4,18.85,18.85,39600.0
2017-08-30,18.799999,19.200001,18.65,18.9,18.9,37400.0
2017-08-31,19.049999,19.15,18.950001,19.049999,19.049999,59300.0
2017-09-01,19.200001,19.4,19.0,19.35,19.35,51800.0
2017-09-05,19.35,19.487,19.049999,19.1,19.1,55600.0
2017-09-06,19.299999,19.35,19.1,19.35,19.35,28100.0
2017-09-07,19.35,19.5,19.049999,19.25,19.25,33300.0
2017-09-08,19.049999,19.405001000000002,19.049999,19.15,19.15,36600.0
2017-09-11,19.200001,19.85,19.200001,19.700001,19.700001,45100.0
2017-09-12,19.75,20.1,19.65,19.799999,19.799999,48300.0
2017-09-13,19.799999,20.15,19.75,19.9,19.9,45800.0
2017-09-14,19.799999,20.1,19.65,20.1,20.1,24900.0
2017-09-15,20.1,21.1,19.9,21.1,21.1,256100.0
2017-09-18,21.049999,21.200001,20.6,20.700001,20.700001,119700.0
2017-09-19,20.6,21.049999,20.549999,20.65,20.65,63100.0
2017-09-20,20.65,20.9,20.5,20.6,20.6,45500.0
2017-09-21,20.6,20.85,20.518,20.700001,20.700001,41200.0
2017-09-22,20.700001,21.1,20.700001,20.85,20.85,86900.0
2017-09-25,20.85,21.049999,20.450001,20.9,20.9,77000.0
2017-09-26,20.9,21.174999,20.875,20.950001,20.950001,79400.0
2017-09-27,21.200001,22.0,21.1,21.75,21.75,124100.0
2017-09-28,21.700001,22.049999,21.65,21.85,21.85,56200.0
2017-09-29,21.9,22.0,21.549999,21.65,21.65,79600.0
2017-10-02,21.799999,22.275,21.75,22.049999,22.049999,216200.0
2017-10-03,22.200001,22.200001,21.549999,21.6,21.6,86300.0
2017-10-04,21.65,21.85,21.4,21.549999,21.549999,97600.0
2017-10-05,21.549999,21.799999,21.35,21.700001,21.700001,80400.0
2017-10-06,21.549999,21.9,21.549999,21.85,21.85,28400.0
2017-10-09,21.9,22.049999,21.5,21.700001,21.700001,36400.0
2017-10-10,21.700001,22.0,21.700001,21.950001,21.950001,68600.0
2017-10-11,21.9,22.0,21.700001,21.799999,21.799999,38400.0
2017-10-12,21.6,22.049999,21.6,22.0,22.0,40900.0
2017-10-13,22.0,22.299999,21.9,22.200001,22.200001,44100.0
2017-10-16,22.25,22.450001,21.85,21.9,21.9,85000.0
2017-10-17,21.9,22.049999,21.700001,21.9,21.9,49300.0
2017-10-18,22.0,22.200001,21.75,21.85,21.85,52200.0
2017-10-19,21.799999,22.1,21.65,21.950001,21.950001,93100.0
2017-10-20,21.950001,22.25,21.825001,21.9,21.9,77200.0
2017-10-23,22.0,22.049999,21.5,21.65,21.65,44200.0
2017-10-24,21.75,21.9,21.6,21.65,21.65,23200.0
2017-10-25,21.65,22.0,21.6,21.799999,21.799999,31700.0
2017-10-26,22.0,22.15,21.549999,21.9,21.9,42600.0
2017-10-27,21.9,22.25,21.5,22.200001,22.200001,46000.0
2017-10-30,22.200001,22.200001,21.6,21.75,21.75,39600.0
2017-10-31,22.049999,22.299999,21.85,22.0,22.0,79200.0
2017-11-01,22.299999,22.299999,21.700001,21.85,21.85,40800.0
2017-11-02,21.799999,21.799999,19.9,20.0,20.0,135700.0
2017-11-03,20.0,20.0,19.25,19.5,19.5,148900.0
2017-11-06,19.549999,20.35,19.549999,20.049999,20.049999,111200.0
2017-11-07,20.1,20.450001,18.700001,19.35,19.35,139000.0
2017-11-08,19.299999,19.75,19.25,19.5,19.5,70200.0
2017-11-09,19.5,19.5,19.049999,19.4,19.4,70200.0
2017-11-10,19.4,19.75,19.25,19.6,19.6,62400.0
2017-11-13,19.5,19.975,19.5,19.950001,19.950001,57300.0
2017-11-14,19.9,20.200001,19.9,20.0,20.0,38900.0
2017-11-15,19.799999,20.049999,19.475,20.0,20.0,84400.0
2017-11-16,20.049999,20.6,19.950001,20.299999,20.299999,50300.0
2017-11-17,20.15,20.25,20.0,20.15,20.15,50200.0
2017-11-20,20.15,20.299999,20.049999,20.200001,20.200001,47700.0
2017-11-21,20.4,20.6,20.1,20.450001,20.450001,60300.0
2017-11-22,20.549999,20.799999,20.35,20.35,20.35,31300.0
2017-11-24,20.4,20.5,20.200001,20.25,20.25,28000.0
2017-11-27,20.25,20.35,19.950001,20.200001,20.200001,45700.0
2017-11-28,20.15,20.65,20.049999,20.549999,20.549999,55400.0
2017-11-29,20.549999,20.9,20.5,20.799999,20.799999,57300.0
2017-11-30,20.85,21.0,20.65,20.85,20.85,66700.0
2017-12-01,20.799999,21.15,20.65,20.85,20.85,136600.0
2017-12-04,21.1,21.146998999999997,20.25,20.35,20.35,88300.0
2017-12-05,20.5,20.700001,20.4,20.65,20.65,61800.0
2017-12-06,20.65,20.825001,20.525,20.549999,20.549999,70700.0
2017-12-07,20.549999,21.075001,20.549999,20.75,20.75,134000.0
2017-12-08,20.950001,20.955,20.450001,20.5,20.5,47800.0
2017-12-11,20.549999,20.549999,20.15,20.25,20.25,45300.0
2017-12-12,20.35,20.450001,20.15,20.299999,20.299999,35300.0
2017-12-13,20.35,20.700001,20.25,20.450001,20.450001,52800.0
2017-12-14,20.5,20.5,19.299999,19.35,19.35,73200.0
2017-12-15,19.35,20.4,19.35,19.950001,19.950001,189800.0
2017-12-18,20.15,20.704,19.75,19.799999,19.799999,30100.0
2017-12-19,19.799999,19.950001,19.4,19.549999,19.549999,50500.0
2017-12-20,19.549999,19.6,19.299999,19.299999,19.299999,23200.0
2017-12-21,19.35,19.65,19.299999,19.4,19.4,19800.0
2017-12-22,19.299999,19.299999,18.799999,19.049999,19.049999,77300.0
2017-12-26,18.950001,19.1,18.65,18.799999,18.799999,26200.0
2017-12-27,18.85,19.049999,18.6,18.75,18.75,20400.0
2017-12-28,18.75,19.200001,18.5,18.700001,18.700001,27600.0
2017-12-29,18.549999,18.700001,18.139999,18.25,18.25,71600.0
2018-01-02,18.299999,19.15,18.299999,18.549999,18.549999,53500.0
2018-01-03,18.5,19.0,18.4,18.85,18.85,64500.0
2018-01-04,19.0,19.049999,18.700001,18.9,18.9,35400.0
2018-01-05,19.0,19.1,18.75,19.0,19.0,45800.0
2018-01-08,18.85,19.25,18.85,19.049999,19.049999,85200.0
2018-01-09,19.049999,19.25,18.75,18.85,18.85,41400.0
2018-01-10,18.75,18.950001,18.6,18.75,18.75,35800.0
2018-01-11,18.75,19.35,18.75,19.1,19.1,43800.0
2018-01-12,19.200001,19.35,19.0,19.299999,19.299999,83300.0
2018-01-16,19.299999,19.5,18.85,18.9,18.9,49700.0
2018-01-17,18.950001,19.200001,18.65,19.15,19.15,46600.0
2018-01-18,19.15,19.299999,18.799999,18.9,18.9,38400.0
2018-01-19,18.9,19.25,18.75,19.200001,19.200001,41100.0
2018-01-22,19.049999,19.25,18.75,18.85,18.85,30600.0
2018-01-23,18.75,19.0,18.65,18.799999,18.799999,41500.0
2018-01-24,18.75,19.049999,18.549999,18.65,18.65,66200.0
2018-01-25,18.75,18.9,18.35,18.549999,18.549999,50100.0
2018-01-26,18.65,18.85,18.344998999999998,18.85,18.85,50600.0
2018-01-29,18.75,18.85,18.65,18.799999,18.799999,73900.0
2018-01-30,18.65,18.9,18.5,18.85,18.85,55100.0
2018-01-31,18.950001,19.695,18.450001,18.5,18.5,78800.0
2018-02-01,18.200001,19.094998999999998,18.049999,18.85,18.85,77700.0
2018-02-02,18.75,18.85,18.299999,18.5,18.5,67800.0
2018-02-05,18.5,18.700001,17.700001,17.75,17.75,71200.0
2018-02-06,17.4,17.9,17.1,17.700001,17.700001,84400.0
2018-02-07,17.549999,18.85,17.4,17.6,17.6,70900.0
2018-02-08,17.549999,17.549999,16.700001,16.950001,16.950001,82700.0
2018-02-09,17.0,17.299999,16.5,17.049999,17.049999,67700.0
2018-02-12,17.1,17.125,16.549999,16.950001,16.950001,70300.0
2018-02-13,16.799999,17.5,16.700001,17.35,17.35,122800.0
2018-02-14,17.1,17.65,17.1,17.35,17.35,73000.0
2018-02-15,17.4,17.6,17.200001,17.5,17.5,68800.0
2018-02-16,17.450001,17.75,17.35,17.450001,17.450001,53200.0
2018-02-20,17.299999,18.0,17.299999,17.9,17.9,59700.0
2018-02-21,17.85,18.15,17.4,17.950001,17.950001,66500.0
2018-02-22,17.950001,18.0,17.6,17.85,17.85,42100.0
2018-02-23,18.0,18.15,17.799999,18.0,18.0,37200.0
2018-02-26,18.0,18.299999,17.799999,18.15,18.15,38500.0
2018-02-27,18.15,18.275,17.65,17.65,17.65,33100.0
2018-02-28,17.65,17.700001,17.049999,17.35,17.35,70200.0
2018-03-01,17.4,18.049999,17.15,17.75,17.75,79600.0
2018-03-02,17.700001,17.9,17.549999,17.799999,17.799999,42500.0
2018-03-05,18.0,18.0,16.950001,17.15,17.15,43300.0
2018-03-06,17.200001,17.299999,16.950001,17.1,17.1,29700.0
2018-03-07,17.0,17.700001,17.0,17.6,17.6,34900.0
2018-03-08,17.65,17.75,17.299999,17.65,17.65,38100.0
2018-03-09,17.799999,18.0,17.6,18.0,18.0,49800.0
2018-03-12,18.0,18.15,17.65,18.15,18.15,45600.0
2018-03-13,18.25,18.35,17.924999,18.049999,18.049999,35600.0
2018-03-14,18.15,18.15,17.700001,17.75,17.75,32400.0
2018-03-15,17.799999,18.0,17.6,17.85,17.85,49100.0
2018-03-16,17.799999,18.450001,17.799999,18.299999,18.299999,183200.0
2018-03-19,18.049999,18.15,17.299999,17.9,17.9,105400.0
2018-03-20,17.85,18.0,17.4,17.549999,17.549999,83300.0
2018-03-21,17.549999,17.85,17.4,17.5,17.5,42700.0
2018-03-22,17.299999,17.4,16.9,17.0,17.0,56400.0
2018-03-23,17.0,17.0,16.215,16.299999,16.299999,151200.0
2018-03-26,16.549999,16.950001,16.299999,16.799999,16.799999,81300.0
2018-03-27,16.799999,16.950001,16.15,16.200001,16.200001,65600.0
2018-03-28,16.25,16.25,15.75,15.9,15.9,82100.0
2018-03-29,15.95,16.6,15.9,16.15,16.15,354300.0
2018-04-02,16.1,16.9,16.1,16.5,16.5,88400.0
2018-04-03,16.6,16.950001,16.35,16.799999,16.799999,57700.0
2018-04-04,16.75,17.049999,16.5,17.0,17.0,35500.0
2018-04-05,17.15,17.15,16.5,16.549999,16.549999,42000.0
2018-04-06,16.549999,16.549999,16.0,16.299999,16.299999,44600.0
2018-04-09,16.4,16.5,16.200001,16.200001,16.200001,30500.0
2018-04-10,16.4,17.0,16.200001,16.75,16.75,42900.0
2018-04-11,16.700001,16.9,16.700001,16.799999,16.799999,25800.0
2018-04-12,16.85,16.950001,16.1,16.549999,16.549999,35900.0
2018-04-13,16.549999,16.700001,16.43,16.65,16.65,38600.0
2018-04-16,16.75,17.1,16.674999,17.0,17.0,35000.0
2018-04-17,16.950001,17.5,16.950001,17.4,17.4,75300.0
2018-04-18,17.35,17.35,16.85,16.924999,16.924999,59100.0
2018-04-19,16.950001,17.0,16.700001,16.75,16.75,30300.0
2018-04-20,16.65,16.799999,16.4,16.65,16.65,56100.0
2018-04-23,16.6,16.9,16.6,16.799999,16.799999,36000.0
2018-04-24,16.799999,17.1,16.549999,16.700001,16.700001,36900.0
2018-04-25,16.65,16.85,16.5,16.549999,16.549999,23900.0
2018-04-26,16.549999,16.549999,16.25,16.299999,16.299999,21200.0
2018-04-27,16.35,16.9,15.85,15.9,15.9,46200.0
2018-04-30,15.9,16.0,15.85,15.85,15.85,46500.0
2018-05-01,15.8,16.200001,15.8,16.0,16.0,31300.0
2018-05-02,16.0,16.6,16.0,16.299999,16.299999,25700.0
2018-05-03,16.549999,17.6,16.450001,17.4,17.4,62200.0
2018-05-04,17.4,18.25,17.4,18.0,18.0,39700.0
2018-05-07,17.950001,18.1,17.6,17.799999,17.799999,39400.0
2018-05-08,17.75,18.1,17.700001,18.0,18.0,29500.0
2018-05-09,18.1,18.35,18.049999,18.1,18.1,23700.0
2018-05-10,18.1,18.200001,17.950001,18.1,18.1,15100.0
2018-05-11,18.15,18.299999,18.004998999999998,18.200001,18.200001,23900.0
2018-05-14,18.15,18.25,17.700001,17.85,17.85,56500.0
2018-05-15,17.75,17.85,17.5,17.700001,17.700001,39400.0
2018-05-16,17.799999,18.049999,17.700001,17.85,17.85,45500.0
2018-05-17,17.9,18.1,17.799999,17.9,17.9,31800.0
2018-05-18,18.0,18.200001,17.799999,17.950001,17.950001,35800.0
2018-05-21,18.049999,18.200001,17.950001,18.1,18.1,17100.0
2018-05-22,18.1,18.245001000000002,17.75,17.9,17.9,26800.0
2018-05-23,17.85,18.549999,17.75,18.549999,18.549999,31900.0
2018-05-24,18.5,18.65,18.35,18.450001,18.450001,39200.0
2018-05-25,18.4,18.5,18.049999,18.25,18.25,33200.0
2018-05-29,18.15,18.75,18.15,18.700001,18.700001,35700.0
2018-05-30,18.799999,19.0,18.6,18.799999,18.799999,52100.0
2018-05-31,18.85,18.950001,18.6,18.700001,18.700001,40400.0
2018-06-01,18.75,19.049999,18.65,19.0,19.0,44400.0
2018-06-04,19.1,19.450001,19.1,19.299999,19.299999,48700.0
2018-06-05,19.200001,19.700001,19.200001,19.549999,19.549999,53500.0
2018-06-06,19.6,19.6,19.4,19.5,19.5,59200.0
2018-06-07,19.549999,19.700001,19.200001,19.299999,19.299999,32500.0
2018-06-08,19.25,19.4,19.049999,19.1,19.1,29300.0
2018-06-11,19.1,19.257998999999998,19.0,19.0,19.0,30000.0
2018-06-12,19.0,19.049999,18.725,18.799999,18.799999,37300.0
2018-06-13,18.85,18.85,18.450001,18.5,18.5,41700.0
2018-06-14,18.6,18.799999,18.4,18.6,18.6,50300.0
2018-06-15,18.549999,19.450001,18.549999,19.35,19.35,104600.0
2018-06-18,19.200001,19.525,18.950001,19.25,19.25,45900.0
2018-06-19,19.15,19.299999,18.6,19.15,19.15,34100.0
2018-06-20,19.15,19.6,18.950001,19.200001,19.200001,35300.0
2018-06-21,19.25,19.25,18.950001,19.1,19.1,29600.0
2018-06-22,19.15,19.275,18.799999,19.0,19.0,109900.0
2018-06-25,18.85,19.049999,18.700001,18.85,18.85,27900.0
2018-06-26,18.950001,19.25,18.9,19.200001,19.200001,27300.0
2018-06-27,19.200001,19.200001,18.6,18.75,18.75,56900.0
2018-06-28,18.75,18.85,18.5,18.6,18.6,41300.0
2018-06-29,18.6,18.700001,18.299999,18.299999,18.299999,35100.0
2018-07-02,18.25,19.417999,18.25,19.4,19.4,53300.0
2018-07-03,19.4,19.799999,19.299999,19.4,19.4,36600.0
2018-07-05,19.5,20.15,19.5,20.049999,20.049999,53100.0
2018-07-06,20.049999,20.299999,20.045,20.200001,20.200001,26300.0
2018-07-09,20.299999,20.299999,20.049999,20.1,20.1,21200.0
2018-07-10,20.1,20.35,20.0,20.0,20.0,25300.0
2018-07-11,19.75,20.1,19.549999,19.700001,19.700001,41600.0
2018-07-12,19.85,19.9,19.65,19.65,19.65,32800.0
2018-07-13,19.65,19.799999,19.299999,19.35,19.35,45000.0
2018-07-16,19.35,20.0,19.35,19.65,19.65,50300.0
2018-07-17,19.6,20.1,19.6,19.700001,19.700001,33700.0
2018-07-18,19.6,20.049999,19.6,19.799999,19.799999,28000.0
2018-07-19,19.700001,20.200001,19.700001,20.049999,20.049999,36200.0
2018-07-20,20.049999,20.200001,19.950001,20.0,20.0,21000.0
2018-07-23,20.0,20.184998999999998,19.75,19.950001,19.950001,21100.0
2018-07-24,20.0,20.1,19.700001,19.700001,19.700001,29900.0
2018-07-25,19.75,19.9,19.6,19.75,19.75,32900.0
2018-07-26,19.700001,20.6,19.700001,20.25,20.25,60000.0
2018-07-27,20.200001,20.35,20.0,20.049999,20.049999,28700.0
2018-07-30,20.049999,20.6,19.9,20.0,20.0,44200.0
2018-07-31,20.0,20.9,20.0,20.35,20.35,57600.0
2018-08-01,20.35,20.549999,20.15,20.200001,20.200001,52500.0
2018-08-02,20.0,20.35,19.1,19.4,19.4,62100.0
2018-08-03,20.0,20.0,19.1,19.75,19.75,60600.0
2018-08-06,19.75,20.549999,19.65,20.299999,20.299999,44300.0
2018-08-07,20.4,20.65,20.0,20.1,20.1,23400.0
2018-08-08,20.049999,20.049999,19.75,19.85,19.85,34300.0
2018-08-09,19.943001000000002,20.1,19.549999,19.6,19.6,38000.0
2018-08-10,19.549999,19.700001,19.35,19.5,19.5,44400.0
2018-08-13,19.6,20.299999,19.6,20.1,20.1,46200.0
2018-08-14,20.200001,20.799999,20.1,20.6,20.6,34500.0
2018-08-15,20.5,20.5,19.75,19.950001,19.950001,34600.0
2018-08-16,20.049999,20.391001,19.85,19.9,19.9,35800.0
2018-08-17,19.799999,19.950001,19.450001,19.700001,19.700001,34600.0
2018-08-20,19.75,20.098,19.6,20.049999,20.049999,20900.0
2018-08-21,20.0,20.4,19.9,20.0,20.0,26200.0
2018-08-22,19.950001,20.1,19.950001,20.0,20.0,43800.0
2018-08-23,19.950001,20.1,19.85,20.0,20.0,35900.0
2018-08-24,20.049999,20.049999,19.85,19.9,19.9,28900.0
2018-08-27,20.0,20.049999,19.75,19.799999,19.799999,17700.0
2018-08-28,19.85,19.85,19.299999,19.75,19.75,41700.0
2018-08-29,19.6,19.700001,19.475,19.549999,19.549999,31200.0
2018-08-30,19.5,19.75,19.35,19.6,19.6,22700.0
2018-08-31,19.5,19.9,19.5,19.799999,19.799999,23000.0
2018-09-04,19.799999,19.799999,19.4,19.5,19.5,27100.0
2018-09-05,19.5,19.5,17.877001,19.0,19.0,43100.0
2018-09-06,19.0,19.200001,18.9,18.950001,18.950001,32800.0
2018-09-07,18.950001,19.35,18.950001,19.299999,19.299999,28800.0
2018-09-10,19.299999,19.35,18.950001,19.049999,19.049999,25900.0
2018-09-11,19.174999,19.35,19.0,19.049999,19.049999,31400.0
2018-09-12,19.1,19.25,19.0,19.1,19.1,37600.0
2018-09-13,19.15,19.299999,19.0,19.049999,19.049999,20600.0
2018-09-14,19.0,19.450001,19.0,19.15,19.15,43500.0
2018-09-17,19.1,19.450001,18.85,18.85,18.85,41600.0
2018-09-18,18.950001,19.5,18.950001,19.200001,19.200001,101900.0
2018-09-19,19.15,19.75,18.9,19.0,19.0,43800.0
2018-09-20,19.1,19.6,19.1,19.4,19.4,29900.0
2018-09-21,19.35,19.85,19.35,19.700001,19.700001,122600.0
2018-09-24,19.6,19.75,19.299999,19.450001,19.450001,38300.0
2018-09-25,19.450001,19.6,19.15,19.200001,19.200001,35000.0
2018-09-26,19.15,19.52,19.0,19.25,19.25,29300.0
2018-09-27,19.25,19.525,19.25,19.299999,19.299999,33700.0
2018-09-28,19.200001,19.85,19.15,19.65,19.65,38500.0
2018-10-01,19.700001,19.98,19.26,19.280001000000002,19.280001000000002,40000.0
2018-10-02,19.23,19.719998999999998,19.23,19.58,19.58,41700.0
2018-10-03,19.6,20.18,19.6,19.889999,19.889999,25600.0
2018-10-04,19.82,20.190001000000002,19.67,20.09,20.09,36900.0
2018-10-05,20.1,20.1,19.540001,19.92,19.92,30100.0
2018-10-08,19.860001,20.09,19.809998999999998,19.870001000000002,19.870001000000002,30500.0
2018-10-09,19.860001,20.17,19.860001,19.940001000000002,19.940001000000002,43000.0
2018-10-10,19.870001000000002,20.190001000000002,18.9,18.92,18.92,68300.0
2018-10-11,18.799999,19.15,18.389999,18.75,18.75,73500.0
2018-10-12,19.049999,19.049999,17.74,18.02,18.02,63200.0
2018-10-15,18.030001000000002,18.5,17.950001,18.07,18.07,39500.0
2018-10-16,18.16,18.764999,18.030001000000002,18.690001000000002,18.690001000000002,59600.0
2018-10-17,18.58,18.83,18.459999,18.790001,18.790001,45300.0
2018-10-18,18.75,18.82,18.02,18.049999,18.049999,40500.0
2018-10-19,18.01,18.200001,17.82,18.07,18.07,51300.0
2018-10-22,18.16,18.629998999999998,18.09,18.219998999999998,18.219998999999998,42000.0
2018-10-23,17.950001,18.84,17.84,18.74,18.74,61500.0
2018-10-24,19.07,19.110001,18.15,18.200001,18.200001,51700.0
2018-10-25,18.280001000000002,18.899,17.6,18.27,18.27,63700.0
2018-10-26,18.02,18.860001,17.870001000000002,18.219998999999998,18.219998999999998,50600.0
2018-10-29,18.43,18.799999,17.790001,18.09,18.09,44300.0
2018-10-30,18.08,18.968,18.08,18.57,18.57,65600.0
2018-10-31,18.780001000000002,19.0,18.309998999999998,18.4,18.4,47000.0
2018-11-01,18.440001000000002,19.059998999999998,18.440001000000002,18.75,18.75,42100.0
2018-11-02,18.780001000000002,19.233999,18.780001000000002,19.120001000000002,19.120001000000002,37400.0
2018-11-05,19.110001,19.423,18.73,19.040001,19.040001,35400.0
2018-11-06,19.01,19.67,18.76,18.99,18.99,47400.0
2018-11-07,17.979,18.889999,16.85,17.959999,17.959999,81600.0
2018-11-08,17.719998999999998,18.4,17.719998999999998,18.02,18.02,71500.0
2018-11-09,18.0,18.200001,17.860001,17.93,17.93,62300.0
2018-11-12,17.889999,18.280001000000002,17.41,17.440001000000002,17.440001000000002,66000.0
2018-11-13,17.51,18.145,17.15,17.42,17.42,92300.0
2018-11-14,17.51,17.879998999999998,17.16,17.200001,17.200001,77400.0
2018-11-15,17.139999,17.709999,17.139999,17.440001000000002,17.440001000000002,68900.0
2018-11-16,17.290001,17.65,17.290001,17.4,17.4,66500.0
2018-11-19,17.34,17.57,16.959999,17.01,17.01,56400.0
2018-11-20,16.84,17.299999,16.75,16.75,16.75,57800.0
2018-11-21,16.809998999999998,17.6,16.809998999999998,17.110001,17.110001,49500.0
2018-11-23,16.969998999999998,17.68,16.969998999999998,17.25,17.25,32200.0
2018-11-26,17.379998999999998,17.57,16.780001000000002,17.25,17.25,72200.0
2018-11-27,17.110001,17.610001,16.98,17.049999,17.049999,61900.0
2018-11-28,17.08,17.68,16.73,17.610001,17.610001,103300.0
2018-11-29,17.440001000000002,18.219998999999998,17.440001000000002,17.870001000000002,17.870001000000002,106800.0
2018-11-30,17.879998999999998,18.040001,17.58,17.639999,17.639999,86300.0
2018-12-03,17.75,17.950001,17.575001,17.860001,17.860001,66500.0
2018-12-04,17.74,17.985001,16.98,17.0,17.0,97500.0
2018-12-06,16.780001000000002,17.139999,16.57,16.879998999999998,16.879998999999998,65700.0
2018-12-07,16.809998999999998,17.68,16.42,16.549999,16.549999,76200.0
2018-12-10,16.469998999999998,16.709999,15.7,16.67,16.67,54400.0
2018-12-11,16.85,16.940001000000002,16.08,16.280001000000002,16.280001000000002,71900.0
2018-12-12,16.450001,17.0,16.370001000000002,16.5,16.5,82900.0
2018-12-13,16.49,16.66,16.27,16.309998999999998,16.309998999999998,59900.0
2018-12-14,16.129998999999998,16.43,15.97,16.219998999999998,16.219998999999998,56600.0
2018-12-17,16.190001000000002,16.35,15.63,15.71,15.71,93600.0
2018-12-18,15.8,16.440001000000002,15.74,15.76,15.76,90600.0
2018-12-19,15.78,16.23,15.6,15.67,15.67,69000.0
2018-12-20,15.67,15.89,15.18,15.26,15.26,78700.0
2018-12-21,15.3,15.539,13.51,14.93,14.93,188900.0
2018-12-24,14.9,15.29,14.9,14.96,14.96,40000.0
2018-12-26,14.99,15.73,14.95,15.69,15.69,77500.0
2018-12-27,15.43,15.7,14.99,15.23,15.23,81100.0
2018-12-28,15.23,15.66,15.23,15.4,15.4,56100.0
2018-12-31,15.51,15.53,15.29,15.49,15.49,43700.0
2019-01-02,15.33,15.77,15.33,15.66,15.66,73500.0
2019-01-03,15.55,15.58,15.01,15.04,15.04,62500.0
2019-01-04,15.25,15.73,15.01,15.55,15.55,62800.0
2019-01-07,15.55,15.85,15.44,15.63,15.63,84900.0
2019-01-08,15.78,15.87,15.51,15.66,15.66,57100.0
2019-01-09,15.77,16.26,15.691,15.75,15.75,65100.0
2019-01-10,15.58,15.9,15.54,15.88,15.88,109900.0
2019-01-11,15.79,15.98,15.67,15.85,15.85,62900.0
2019-01-14,15.78,16.23,15.44,15.47,15.47,83900.0
2019-01-15,15.48,15.85,15.41,15.54,15.54,69000.0
2019-01-16,15.5,16.08,15.5,16.040001,16.040001,103200.0
2019-01-17,15.97,16.35,15.97,16.190001000000002,16.190001000000002,85000.0
2019-01-18,16.26,16.57,16.190001000000002,16.5,16.5,121100.0
2019-01-22,16.450001,17.01,16.440001000000002,16.52,16.52,90000.0
2019-01-23,16.58,16.879998999999998,15.915,16.209999,16.209999,69800.0
2019-01-24,16.209999,16.67,16.209999,16.360001,16.360001,65400.0
2019-01-25,16.360001,16.610001,16.120001000000002,16.219998999999998,16.219998999999998,58100.0
2019-01-28,16.07,16.26,15.87,15.98,15.98,43500.0
2019-01-29,16.01,16.02,15.78,15.95,15.95,52600.0
2019-01-30,16.040001,16.139999,15.87,15.96,15.96,47600.0
2019-01-31,15.86,16.24,15.585,16.17,16.17,54900.0
2019-02-01,16.07,16.34,16.07,16.219998999999998,16.219998999999998,41200.0
2019-02-04,16.23,16.42,16.209999,16.25,16.25,42700.0
2019-02-05,16.403,16.546,16.280001000000002,16.440001000000002,16.440001000000002,42300.0
2019-02-06,16.450001,16.860001,16.450001,16.67,16.67,51400.0
2019-02-07,16.379998999999998,16.530001000000002,15.83,15.94,15.94,103000.0
2019-02-08,15.93,16.02,15.51,15.82,15.82,77900.0
2019-02-11,15.72,15.85,15.54,15.82,15.82,50800.0
2019-02-12,15.93,16.26,15.93,16.16,16.16,47800.0
2019-02-13,16.370001000000002,16.48,16.23,16.43,16.43,49800.0
2019-02-14,16.360001,16.549999,16.15,16.23,16.23,199700.0
2019-02-15,16.34,16.59,16.290001,16.389999,16.389999,47300.0
2019-02-19,16.370001000000002,16.469998999999998,16.120001000000002,16.18,16.18,71800.0
2019-02-20,16.17,16.440001000000002,16.16,16.290001,16.290001,63200.0
2019-02-21,15.52,16.32,15.52,16.280001000000002,16.280001000000002,50400.0
2019-02-22,16.280001000000002,16.459999,16.25,16.450001,16.450001,50600.0
2019-02-25,16.469998999999998,16.790001,16.18,16.190001000000002,16.190001000000002,90400.0
2019-02-26,16.200001,16.25,16.038,16.07,16.07,57100.0
2019-02-27,15.97,16.049999,15.7,15.75,15.75,43600.0
2019-02-28,15.71,15.71,15.36,15.5,15.5,56700.0
2019-03-01,15.48,15.61,15.36,15.56,15.56,33200.0
2019-03-04,15.69,15.885,15.44,15.78,15.78,200200.0
2019-03-05,15.8,16.045,15.63,16.0,16.0,197100.0
2019-03-06,16.049999,16.129998999999998,15.865,15.96,15.96,100400.0
2019-03-07,15.83,15.99,15.73,15.96,15.96,70300.0
2019-03-08,15.92,16.09,15.855,16.01,16.01,89700.0
2019-03-11,16.049999,16.459999,15.94,16.459999,16.459999,53400.0
2019-03-12,16.450001,16.485001,16.32,16.42,16.42,61100.0
2019-03-13,16.48,16.68,16.309998999999998,16.57,16.57,56100.0
2019-03-14,16.58,16.58,15.98,16.49,16.49,226600.0
2019-03-15,16.6,16.870001000000002,16.5,16.6,16.6,333000.0
2019-03-18,16.370001000000002,16.84,16.370001000000002,16.799999,16.799999,49300.0
2019-03-19,16.889999,16.889999,16.65,16.75,16.75,40800.0
2019-03-20,16.709999,16.950001,16.379998999999998,16.709999,16.709999,95600.0
2019-03-21,16.719998999999998,17.129998999999998,16.719998999999998,16.870001000000002,16.870001000000002,89500.0
2019-03-22,16.77,17.063,16.08,16.110001,16.110001,61100.0
2019-03-25,16.059998999999998,16.23,15.94,16.18,16.18,55600.0
2019-03-26,16.190001000000002,16.379998999999998,15.99,16.08,16.08,39400.0
2019-03-27,15.99,16.055,15.76,15.86,15.86,28300.0
2019-03-28,15.92,15.93,15.48,15.52,15.52,28000.0
2019-03-29,15.64,15.75,15.42,15.49,15.49,206200.0
2019-04-01,15.61,16.4,15.61,16.379998999999998,16.379998999999998,79600.0
2019-04-02,16.290001,16.290001,15.82,16.08,16.08,53000.0
2019-04-03,16.200001,16.32,16.007998999999998,16.26,16.26,90200.0
2019-04-04,16.27,16.459999,16.23,16.42,16.42,48900.0
2019-04-05,16.42,16.58,16.27,16.389999,16.389999,59200.0
2019-04-08,16.35,16.424999,16.309998999999998,16.34,16.34,40500.0
2019-04-09,16.264999,16.389999,16.17,16.190001000000002,16.190001000000002,60700.0
2019-04-10,16.190001000000002,16.4,16.08,16.370001000000002,16.370001000000002,46200.0
2019-04-11,16.215,16.4,16.215,16.26,16.26,23700.0
2019-04-12,16.309998999999998,16.309998999999998,16.01,16.09,16.09,29400.0
2019-04-15,16.02,16.08,15.8,15.95,15.95,48200.0
2019-04-16,15.99,16.15,15.95,16.07,16.07,26000.0
2019-04-17,16.190001000000002,16.4,16.075001,16.33,16.33,53700.0
2019-04-18,16.280001000000002,16.4,15.945,16.040001,16.040001,25900.0
2019-04-22,15.94,15.98,15.1,15.37,15.37,54600.0
2019-04-23,15.48,15.86,15.31,15.54,15.54,48600.0
2019-04-24,15.46,15.98,15.46,15.76,15.76,72900.0
2019-04-25,15.71,15.71,15.32,15.32,15.32,31900.0
2019-04-26,15.28,15.32,15.09,15.28,15.28,30300.0
2019-04-29,15.39,15.57,15.24,15.31,15.31,26000.0
2019-04-30,15.3,15.3,14.91,15.13,15.13,53700.0
2019-05-01,15.454,15.454,14.95,15.04,15.04,35000.0
2019-05-02,15.115,15.205,14.73,14.75,14.75,19300.0
2019-05-03,14.76,15.17,14.76,15.08,15.08,33000.0
2019-05-06,14.81,15.24,14.81,15.15,15.15,37500.0
2019-05-07,15.09,15.13,14.615,14.8,14.8,43700.0
2019-05-08,15.41,16.049999,15.34,15.67,15.67,104300.0
2019-05-09,15.65,15.725,15.35,15.67,15.67,99800.0
2019-05-10,15.67,15.67,15.34,15.56,15.56,21900.0
2019-05-13,15.39,15.39,15.03,15.18,15.18,38700.0
2019-05-14,15.2,15.61,15.12,15.61,15.61,49900.0
2019-05-15,15.44,15.69,15.44,15.61,15.61,24100.0
2019-05-16,15.63,15.8,15.45,15.78,15.78,47000.0
2019-05-17,15.64,15.75,15.55,15.66,15.66,53400.0
2019-05-20,15.45,15.63,15.32,15.38,15.38,20600.0
2019-05-21,15.49,16.110001,15.37,16.030001000000002,16.030001000000002,114400.0
2019-05-22,16.0,16.190001000000002,15.7,16.0,16.0,31400.0
2019-05-23,15.84,16.040001,15.54,15.98,15.98,121000.0
2019-05-24,16.09,16.1,15.955,16.01,16.01,38200.0
2019-05-28,15.92,16.120001000000002,15.92,16.02,16.02,77500.0
2019-05-29,15.84,16.08,15.36,15.38,15.38,90700.0
2019-05-30,15.55,15.72,14.8,15.0,15.0,68300.0
2019-05-31,14.74,14.74,14.13,14.25,14.25,90400.0
2019-06-03,14.29,14.645,14.17,14.47,14.47,77700.0
2019-06-04,14.64,14.64,14.3,14.52,14.52,104200.0
2019-06-05,14.59,14.61,14.32,14.36,14.36,50100.0
2019-06-06,14.29,14.41,13.99,14.23,14.23,128200.0
2019-06-07,14.25,14.85,14.25,14.75,14.75,71400.0
2019-06-10,14.74,14.99,14.69,14.78,14.78,26700.0
2019-06-11,14.76,15.49,14.76,15.43,15.43,159800.0
2019-06-12,15.4,15.46,15.135,15.33,15.33,108100.0
2019-06-13,15.38,15.58,15.22,15.55,15.55,54500.0
2019-06-14,15.48,15.48,14.97,15.02,15.02,50800.0
2019-06-17,14.96,15.08,14.71,14.77,14.77,34700.0
2019-06-18,14.95,15.29,14.842,14.98,14.98,61700.0
2019-06-19,14.91,15.06,14.83,14.89,14.89,38200.0
2019-06-20,15.04,15.1,14.86,15.06,15.06,40300.0
2019-06-21,14.88,15.67,14.88,15.54,15.54,105700.0
2019-06-24,15.54,15.751,15.48,15.49,15.49,90500.0
2019-06-25,15.47,15.64,15.23,15.47,15.47,37100.0
2019-06-26,15.5,15.75,15.42,15.58,15.58,71000.0
2019-06-27,15.59,16.1,15.59,16.08,16.08,63800.0
2019-06-28,16.1,16.389999,16.1,16.24,16.24,178600.0
2019-07-01,16.25,16.780001000000002,15.9,15.99,15.99,66500.0
2019-07-02,15.88,15.92,15.42,15.6,15.6,35300.0
2019-07-03,15.64,15.7,15.4,15.68,15.68,17700.0
2019-07-05,15.62,15.79,15.49,15.72,15.72,36400.0
2019-07-08,15.56,15.62,14.98,15.0,15.0,38400.0
2019-07-09,14.92,15.09,14.59,15.08,15.08,53400.0
2019-07-10,15.14,15.28,14.97,15.01,15.01,46400.0
2019-07-11,14.98,15.16,14.97,15.07,15.07,46000.0
2019-07-12,15.02,15.44,15.01,15.36,15.36,62600.0
2019-07-15,15.49,15.68,15.17,15.68,15.68,76900.0
2019-07-16,15.65,15.91,15.65,15.71,15.71,60600.0
2019-07-17,15.68,15.82,14.99,15.36,15.36,51800.0
2019-07-18,15.37,15.56,15.25,15.55,15.55,56800.0
2019-07-19,15.46,15.82,15.45,15.49,15.49,38100.0
2019-07-22,15.49,15.67,15.181,15.37,15.37,43400.0
2019-07-23,15.38,15.495,15.28,15.38,15.38,31800.0
2019-07-24,15.26,15.82,15.26,15.69,15.69,73500.0
2019-07-25,15.7,15.73,15.27,15.73,15.73,52700.0
2019-07-26,15.73,16.200001,15.73,16.110001,16.110001,46700.0
2019-07-29,16.09,16.51,16.01,16.33,16.33,80900.0
2019-07-30,16.209999,16.540001,16.139999,16.299999,16.299999,48500.0
2019-07-31,16.280001000000002,16.459999,15.88,15.9,15.9,72100.0
2019-08-01,16.120001000000002,16.42,15.5,15.67,15.67,58200.0
2019-08-02,15.49,15.61,15.1,15.22,15.22,36900.0
2019-08-05,15.08,15.22,14.7,14.88,14.88,58600.0
2019-08-06,14.91,15.0,14.5,14.65,14.65,72400.0
2019-08-07,14.44,14.85,14.44,14.67,14.67,36000.0
2019-08-08,14.8,15.14,14.8,15.04,15.04,43700.0
2019-08-09,14.98,14.98,14.573,14.6,14.6,45400.0
2019-08-12,14.54,14.66,14.38,14.41,14.41,44500.0
2019-08-13,14.39,14.93,14.36,14.55,14.55,25100.0
2019-08-14,14.25,14.25,13.86,13.87,13.87,34500.0
2019-08-15,13.92,13.97,13.53,13.67,13.67,32500.0
2019-08-16,13.8,14.36,13.8,14.3,14.3,109700.0
2019-08-19,14.57,14.929,14.34,14.39,14.39,29800.0
2019-08-20,14.29,14.51,14.29,14.43,14.43,19400.0
2019-08-21,14.56,14.73,14.35,14.45,14.45,44400.0
2019-08-22,14.51,14.91,14.34,14.35,14.35,61400.0
2019-08-23,14.2,14.46,13.5,13.55,13.55,46100.0
2019-08-26,13.68,13.7,13.27,13.31,13.31,30300.0
2019-08-27,13.44,13.5,12.95,13.0,13.0,66000.0
2019-08-28,12.98,13.25,12.935,13.14,13.14,42900.0
2019-08-29,13.36,13.91,13.32,13.55,13.55,55000.0
2019-08-30,13.63,13.63,13.2,13.21,13.21,34700.0
2019-09-03,12.94,13.28,12.48,12.72,12.72,63100.0
2019-09-04,12.88,12.88,12.53,12.58,12.58,27800.0
2019-09-05,12.79,13.46,12.75,13.26,13.26,62000.0
2019-09-06,13.38,13.65,13.21,13.43,13.43,40800.0
2019-09-09,13.25,13.9,13.21,13.77,13.77,76400.0
2019-09-10,13.75,14.73,13.455,14.52,14.52,56100.0
2019-09-11,14.61,15.38,14.61,15.26,15.26,94500.0
2019-09-12,15.04,15.44,14.9,15.31,15.31,93000.0
2019-09-13,15.34,15.89,15.34,15.76,15.76,79500.0
2019-09-16,15.65,16.25,15.65,15.92,15.92,77000.0
2019-09-17,15.8,16.0,15.65,15.91,15.91,55700.0
2019-09-18,15.96,16.014999,15.44,15.5,15.5,77200.0
2019-09-19,15.38,15.617,15.02,15.05,15.05,67800.0
2019-09-20,15.05,15.24,14.62,14.96,14.96,217000.0
2019-09-23,14.77,15.24,14.73,15.05,15.05,58700.0
2019-09-24,15.11,15.29,14.83,14.91,14.91,67300.0
2019-09-25,14.92,15.14,14.92,15.13,15.13,68600.0
2019-09-26,15.01,15.33,14.97,14.97,14.97,53500.0
2019-09-27,15.08,15.23,14.78,14.84,14.84,74500.0
2019-09-30,14.9,15.03,14.49,14.51,14.51,49100.0
2019-10-01,14.59,14.82,14.17,14.23,14.23,54700.0
2019-10-02,14.05,14.14,13.88,13.99,13.99,65400.0
2019-10-03,13.87,14.05,13.66,13.88,13.88,65700.0
2019-10-04,13.89,14.155,13.89,14.12,14.12,51000.0
2019-10-07,14.1,14.4,14.06,14.18,14.18,63800.0
2019-10-08,14.06,14.225,13.99,14.12,14.12,55000.0
2019-10-09,14.28,14.43,14.151,14.33,14.33,63200.0
2019-10-10,14.38,14.68,14.345,14.39,14.39,84800.0
2019-10-11,14.51,15.05,14.51,14.76,14.76,68500.0
2019-10-14,14.67,14.795,14.65,14.78,14.78,36100.0
2019-10-15,14.78,15.17,14.76,15.09,15.09,42000.0
2019-10-16,15.05,15.28,14.84,14.86,14.86,37800.0
2019-10-17,14.95,15.11,14.894,15.0,15.0,36500.0
2019-10-18,14.88,15.12,14.87,15.03,15.03,39700.0
